,Pais,Estado,Ciudad,Zona,Área Construida,Tipo de inmueble,Tipo de negocio,valor,periodo,moneda,imagen,caracteristicas
1, Mexico,"[' Guanajuato', ' Usado']", León, Cerro Gordo,, Terreno , RENTA ,90000,Mensual,PesosMexicanos,https://image.wasi.co/eyJidWNrZXQiOiJzdGF0aWN3Iiwia2V5IjoiaW5tdWVibGVzXC9nNTk0MDcxMjAyMDExMDgwNjA4MjkucG5nIiwiZWRpdHMiOnsibm9ybWFsaXNlIjp0cnVlLCJyb3RhdGUiOjAsInJlc2l6ZSI6eyJ3aWR0aCI6OTAwLCJoZWlnaHQiOjY3NSwiZml0IjoiY29udGFpbiIsImJhY2tncm91bmQiOnsiciI6MjU1LCJnIjoyNTUsImIiOjI1NSwiYWxwaGEiOjF9fX19,"['Acceso pavimentado', 'Cerca zona urbana', 'Colegios / Universidades', 'Parqueadero visitantes', 'Sobre vía principal', 'Trans. público cercano', 'Vigilancia', 'Zona comercial', 'Zona residencial']"
2, Mexico,"[' Nuevo León', ' Usado']", Guadalupe, Chapultepec, 185 m², Local , RENTA ,83385,Mensual,PesosMexicanos,https://image.wasi.co/eyJidWNrZXQiOiJzdGF0aWN3Iiwia2V5IjoiaW5tdWVibGVzXC9nNTk0MDcxMjAyMDExMDgwNTQ3NTgucG5nIiwiZWRpdHMiOnsibm9ybWFsaXNlIjp0cnVlLCJyb3RhdGUiOjAsInJlc2l6ZSI6eyJ3aWR0aCI6OTAwLCJoZWlnaHQiOjY3NSwiZml0IjoiY29udGFpbiIsImJhY2tncm91bmQiOnsiciI6MjU1LCJnIjoyNTUsImIiOjI1NSwiYWxwaGEiOjF9fX19,"['Acceso pavimentado', 'Cerca zona urbana', 'Parqueadero visitantes', 'Sobre vía principal', 'Trans. público cercano', 'Vigilancia', 'Zona comercial', 'Zona residencial']"
3, Mexico,"[' Nuevo León', ' Usado']", Garcia, Blvd. Sor Juana Ines De La Cur,, Terreno , RENTA ,80861,Mensual,PesosMexicanos,https://image.wasi.co/eyJidWNrZXQiOiJzdGF0aWN3Iiwia2V5IjoiaW5tdWVibGVzXC9nNTk0MDcxMjAyMDExMDMwNjUwMTkucG5nIiwiZWRpdHMiOnsibm9ybWFsaXNlIjp0cnVlLCJyb3RhdGUiOjAsInJlc2l6ZSI6eyJ3aWR0aCI6OTAwLCJoZWlnaHQiOjY3NSwiZml0IjoiY29udGFpbiIsImJhY2tncm91bmQiOnsiciI6MjU1LCJnIjoyNTUsImIiOjI1NSwiYWxwaGEiOjF9fX19,"['Acceso pavimentado', 'Cerca zona urbana', 'Parqueadero visitantes', 'Sobre vía principal', 'Trans. público cercano', 'Vigilancia', 'Zona comercial', 'Zona residencial']"
4, Mexico,"[' Coahuila', ' Usado']", Monclova, Pape,, Terreno , RENTA ,80000,Mensual,PesosMexicanos,https://image.wasi.co/eyJidWNrZXQiOiJzdGF0aWN3Iiwia2V5IjoiaW5tdWVibGVzXC9nNTk0MDcxMjAyMDExMDQwNDE3NTAucG5nIiwiZWRpdHMiOnsibm9ybWFsaXNlIjp0cnVlLCJyb3RhdGUiOjAsInJlc2l6ZSI6eyJ3aWR0aCI6OTAwLCJoZWlnaHQiOjY3NSwiZml0IjoiY29udGFpbiIsImJhY2tncm91bmQiOnsiciI6MjU1LCJnIjoyNTUsImIiOjI1NSwiYWxwaGEiOjF9fX19,"['Acceso pavimentado', 'Cerca zona urbana', 'Colegios / Universidades', 'Parqueadero visitantes', 'Sobre vía principal', 'Trans. público cercano', 'Vigilancia', 'Zona comercial', 'Zona residencial']"
5, Mexico,"[' Nuevo León', ' Usado']", Juárez, San Roque,, Terreno , RENTA ,75551,Mensual,PesosMexicanos,https://image.wasi.co/eyJidWNrZXQiOiJzdGF0aWN3Iiwia2V5IjoiaW5tdWVibGVzXC9nNTk0MDcxMjAyMDExMDMwNjAzNDAucG5nIiwiZWRpdHMiOnsibm9ybWFsaXNlIjp0cnVlLCJyb3RhdGUiOjAsInJlc2l6ZSI6eyJ3aWR0aCI6OTAwLCJoZWlnaHQiOjY3NSwiZml0IjoiY29udGFpbiIsImJhY2tncm91bmQiOnsiciI6MjU1LCJnIjoyNTUsImIiOjI1NSwiYWxwaGEiOjF9fX19,"['Acceso pavimentado', 'Cerca zona urbana', 'Parqueadero visitantes', 'Sobre vía principal', 'Trans. público cercano', 'Vigilancia', 'Zona comercial', 'Zona residencial']"
6, Mexico,"[' Nuevo León', ' Usado']", Juárez, Eloy Cavazos, 371 m², Apartaestudio , RENTA ,70420,Mensual,PesosMexicanos,https://image.wasi.co/eyJidWNrZXQiOiJzdGF0aWN3Iiwia2V5IjoiaW5tdWVibGVzXC9nNTk0MDcxMjAyMjAzMjIwNzU1MzMuanBlZyIsImVkaXRzIjp7Im5vcm1hbGlzZSI6dHJ1ZSwicm90YXRlIjowLCJyZXNpemUiOnsid2lkdGgiOjkwMCwiaGVpZ2h0Ijo2NzUsImZpdCI6ImNvbnRhaW4iLCJiYWNrZ3JvdW5kIjp7InIiOjI1NSwiZyI6MjU1LCJiIjoyNTUsImFscGhhIjoxfX19fQ==,"['Acceso pavimentado', 'Centros comerciales', 'Cerca zona urbana', 'Parqueadero visitantes', 'Sobre vía principal', 'Trans. público cercano', 'Vigilancia', 'Zona comercial', 'Zona residencial']"
7, Mexico,"[' Coahuila', ' Usado']", Monclova, Pape,, Terreno , RENTA ,67500,Mensual,PesosMexicanos,https://image.wasi.co/eyJidWNrZXQiOiJzdGF0aWN3Iiwia2V5IjoiaW5tdWVibGVzXC9nNTk0MDcxMjAyMDExMDUxMjIyMzIucG5nIiwiZWRpdHMiOnsibm9ybWFsaXNlIjp0cnVlLCJyb3RhdGUiOjAsInJlc2l6ZSI6eyJ3aWR0aCI6OTAwLCJoZWlnaHQiOjY3NSwiZml0IjoiY29udGFpbiIsImJhY2tncm91bmQiOnsiciI6MjU1LCJnIjoyNTUsImIiOjI1NSwiYWxwaGEiOjF9fX19,"['Acceso pavimentado', 'Cerca zona urbana', 'Colegios / Universidades', 'Parqueadero visitantes', 'Sobre vía principal', 'Trans. público cercano', 'Vigilancia', 'Zona comercial', 'Zona residencial']"
8, Mexico,"[' Nuevo León', ' Usado']", San Nicolás de los Garza, Los Morales, 150 m², Local , RENTA ,67500,Mensual,PesosMexicanos,https://image.wasi.co/eyJidWNrZXQiOiJzdGF0aWN3Iiwia2V5IjoiaW5tdWVibGVzXC9nNTk0MDcxMjAyMDExMDUwNTAyMzgucG5nIiwiZWRpdHMiOnsibm9ybWFsaXNlIjp0cnVlLCJyb3RhdGUiOjAsInJlc2l6ZSI6eyJ3aWR0aCI6OTAwLCJoZWlnaHQiOjY3NSwiZml0IjoiY29udGFpbiIsImJhY2tncm91bmQiOnsiciI6MjU1LCJnIjoyNTUsImIiOjI1NSwiYWxwaGEiOjF9fX19,"['Acceso pavimentado', 'Cerca zona urbana', 'Colegios / Universidades', 'Parqueadero visitantes', 'Sobre vía principal', 'Trans. público cercano', 'Vigilancia', 'Zona comercial', 'Zona residencial']"
9, Mexico,"[' Nuevo León', ' Usado']", Guadalupe, Chapultepec, 150 m², Local , RENTA ,67500,Mensual,PesosMexicanos,https://image.wasi.co/eyJidWNrZXQiOiJzdGF0aWN3Iiwia2V5IjoiaW5tdWVibGVzXC9nNTk0MDcxMjAyMDExMDgwNTQyMTUucG5nIiwiZWRpdHMiOnsibm9ybWFsaXNlIjp0cnVlLCJyb3RhdGUiOjAsInJlc2l6ZSI6eyJ3aWR0aCI6OTAwLCJoZWlnaHQiOjY3NSwiZml0IjoiY29udGFpbiIsImJhY2tncm91bmQiOnsiciI6MjU1LCJnIjoyNTUsImIiOjI1NSwiYWxwaGEiOjF9fX19,"['Acceso pavimentado', 'Cerca zona urbana', 'Parqueadero visitantes', 'Sobre vía principal', 'Trans. público cercano', 'Vigilancia', 'Zona comercial', 'Zona residencial']"
10, Mexico,"[' Coahuila', ' Usado']", Saltillo, San Patricio, 325 m², Local , RENTA ,65000,Mensual,PesosMexicanos,https://image.wasi.co/eyJidWNrZXQiOiJzdGF0aWN3Iiwia2V5IjoiaW5tdWVibGVzXC9nNTk0MDcyMjAyMDExMDUxMjE4NDEucG5nIiwiZWRpdHMiOnsibm9ybWFsaXNlIjp0cnVlLCJyb3RhdGUiOjAsInJlc2l6ZSI6eyJ3aWR0aCI6OTAwLCJoZWlnaHQiOjY3NSwiZml0IjoiY29udGFpbiIsImJhY2tncm91bmQiOnsiciI6MjU1LCJnIjoyNTUsImIiOjI1NSwiYWxwaGEiOjF9fX19,"['Acceso pavimentado', 'Cerca zona urbana', 'Parqueadero visitantes', 'Sobre vía principal', 'Trans. público cercano', 'Vigilancia', 'Zona comercial', 'Zona residencial']"
11, Mexico,"[' Nuevo León', ' Usado']", Escobedo, Cerradas De Anahuac, 235.22 m², Local , RENTA ,63509,Mensual,PesosMexicanos,https://image.wasi.co/eyJidWNrZXQiOiJzdGF0aWN3Iiwia2V5IjoiaW5tdWVibGVzXC9nNTk0MDcxMjAyMjA0MTUxMjAxNTEuanBnIiwiZWRpdHMiOnsibm9ybWFsaXNlIjp0cnVlLCJyb3RhdGUiOjAsInJlc2l6ZSI6eyJ3aWR0aCI6OTAwLCJoZWlnaHQiOjY3NSwiZml0IjoiY29udGFpbiIsImJhY2tncm91bmQiOnsiciI6MjU1LCJnIjoyNTUsImIiOjI1NSwiYWxwaGEiOjF9fX19,"['Acceso pavimentado', 'Cerca zona urbana', 'Colegios / Universidades', 'Parqueadero visitantes', 'Sobre vía principal', 'Trans. público cercano', 'Vigilancia', 'Zona comercial', 'Zona residencial']"
12, Mexico,"[' Tamaulipas', ' Usado']", Reynosa, Jarachinas, 400 m², Local , RENTA ,60000,Mensual,PesosMexicanos,https://image.wasi.co/eyJidWNrZXQiOiJzdGF0aWN3Iiwia2V5IjoiaW5tdWVibGVzXC9nNTk0MDcxMjAyMDExMDMwNjI0MzAucG5nIiwiZWRpdHMiOnsibm9ybWFsaXNlIjp0cnVlLCJyb3RhdGUiOjAsInJlc2l6ZSI6eyJ3aWR0aCI6OTAwLCJoZWlnaHQiOjY3NSwiZml0IjoiY29udGFpbiIsImJhY2tncm91bmQiOnsiciI6MjU1LCJnIjoyNTUsImIiOjI1NSwiYWxwaGEiOjF9fX19,"['Acceso pavimentado', 'Centros comerciales', 'Cerca zona urbana', 'Colegios / Universidades', 'Parqueadero visitantes', 'Sobre vía principal', 'Trans. público cercano', 'Vigilancia', 'Zona comercial', 'Zona industrial', 'Zona residencial']"
13, Mexico,"[' Aguascalientes', ' Usado']", Aguascalientes, Pulgas Pandas,, Terreno , RENTA ,58000,Mensual,PesosMexicanos,https://image.wasi.co/eyJidWNrZXQiOiJzdGF0aWN3Iiwia2V5IjoiaW5tdWVibGVzXC9nNTk0MDcxMjAyMDExMDgwNjQ1MDIucG5nIiwiZWRpdHMiOnsibm9ybWFsaXNlIjp0cnVlLCJyb3RhdGUiOjAsInJlc2l6ZSI6eyJ3aWR0aCI6OTAwLCJoZWlnaHQiOjY3NSwiZml0IjoiY29udGFpbiIsImJhY2tncm91bmQiOnsiciI6MjU1LCJnIjoyNTUsImIiOjI1NSwiYWxwaGEiOjF9fX19,"['Acceso pavimentado', 'Cerca zona urbana', 'Parqueadero visitantes', 'Sobre vía principal', 'Trans. público cercano', 'Vigilancia', 'Zona comercial', 'Zona residencial']"
14, Mexico,"[' Nuevo León', ' Nuevo']", Apodaca, Las Margaritas,, Terreno , RENTA ,57989,Mensual,PesosMexicanos,https://image.wasi.co/eyJidWNrZXQiOiJzdGF0aWN3Iiwia2V5IjoiaW5tdWVibGVzXC9nNTk0MDcxMjAyMTA5MTUwOTM4MzYuanBnIiwiZWRpdHMiOnsibm9ybWFsaXNlIjp0cnVlLCJyb3RhdGUiOjAsInJlc2l6ZSI6eyJ3aWR0aCI6OTAwLCJoZWlnaHQiOjY3NSwiZml0IjoiY29udGFpbiIsImJhY2tncm91bmQiOnsiciI6MjU1LCJnIjoyNTUsImIiOjI1NSwiYWxwaGEiOjF9fX19,"['Acceso pavimentado', 'Centros comerciales', 'Cerca zona urbana', 'Parqueadero visitantes', 'Sobre vía principal', 'Trans. público cercano', 'Vigilancia', 'Zona comercial', 'Zona residencial']"
15, Mexico,"[' Nuevo León', ' Usado']", Monterrey,, 198 m², Local , RENTA ,49702,Mensual,PesosMexicanos,,[]
16, Mexico,"[' Tamaulipas', ' Usado']", Nuevo Laredo, Campestre, 150 m², Local , RENTA ,49500,Mensual,PesosMexicanos,https://image.wasi.co/eyJidWNrZXQiOiJzdGF0aWN3Iiwia2V5IjoiaW5tdWVibGVzXC9nNTk0MDcxMjAyMDExMDQwMTA0MjMucG5nIiwiZWRpdHMiOnsibm9ybWFsaXNlIjp0cnVlLCJyb3RhdGUiOjAsInJlc2l6ZSI6eyJ3aWR0aCI6OTAwLCJoZWlnaHQiOjY3NSwiZml0IjoiY29udGFpbiIsImJhY2tncm91bmQiOnsiciI6MjU1LCJnIjoyNTUsImIiOjI1NSwiYWxwaGEiOjF9fX19,"['Acceso pavimentado', 'Cerca zona urbana', 'Parqueadero visitantes', 'Sobre vía principal', 'Trans. público cercano', 'Vigilancia', 'Zona comercial', 'Zona residencial']"
17, Mexico,"[' Nuevo León', ' Usado']", San Nicolás de los Garza, Las Puentes, 204 m², Local , RENTA ,49063,Mensual,PesosMexicanos,https://image.wasi.co/eyJidWNrZXQiOiJzdGF0aWN3Iiwia2V5IjoiaW5tdWVibGVzXC9nNTk0MDcxMTIwMjAxMTA2MTI1MjA1LmpwZyIsImVkaXRzIjp7Im5vcm1hbGlzZSI6dHJ1ZSwicm90YXRlIjowLCJyZXNpemUiOnsid2lkdGgiOjkwMCwiaGVpZ2h0Ijo2NzUsImZpdCI6ImNvbnRhaW4iLCJiYWNrZ3JvdW5kIjp7InIiOjI1NSwiZyI6MjU1LCJiIjoyNTUsImFscGhhIjoxfX19fQ==,"['Acceso pavimentado', 'Cerca zona urbana', 'Parqueadero visitantes', 'Sobre vía principal', 'Trans. público cercano', 'Vigilancia', 'Zona comercial', 'Zona residencial']"
18, Mexico,"[' Nuevo León', ' Usado']", San Nicolás de los Garza, Las Puentes, 197 m², Local , Renta ,47460,Mensual,PesosMexicanos,,[]
19, Mexico,"[' Nuevo León', ' Usado']", Monterrey, Gonzalitos, 140 m², Local , Renta ,46200,Mensual,PesosMexicanos,https://image.wasi.co/eyJidWNrZXQiOiJzdGF0aWN3Iiwia2V5IjoiaW5tdWVibGVzXC9nNTk0MDcyMjAyMjA2MjIwMjQxMjEucG5nIiwiZWRpdHMiOnsibm9ybWFsaXNlIjp0cnVlLCJyb3RhdGUiOjAsInJlc2l6ZSI6eyJ3aWR0aCI6OTAwLCJoZWlnaHQiOjY3NSwiZml0IjoiY29udGFpbiIsImJhY2tncm91bmQiOnsiciI6MjU1LCJnIjoyNTUsImIiOjI1NSwiYWxwaGEiOjF9fX19,"['Acceso pavimentado', 'Cerca zona urbana', 'Colegios / Universidades', 'Parqueadero visitantes', 'Sobre vía principal', 'Trans. público cercano', 'Vigilancia', 'Zona comercial', 'Zona residencial']"
20, Mexico,"[' Coahuila', ' Nuevo']", Torreón, Senderos,, Terreno , Renta ,45028,Mensual,PesosMexicanos,https://image.wasi.co/eyJidWNrZXQiOiJzdGF0aWN3Iiwia2V5IjoiaW5tdWVibGVzXC9nNTk0MDcxMjAyMTA5MjgwMzU4NTkucG5nIiwiZWRpdHMiOnsibm9ybWFsaXNlIjp0cnVlLCJyb3RhdGUiOjAsInJlc2l6ZSI6eyJ3aWR0aCI6OTAwLCJoZWlnaHQiOjY3NSwiZml0IjoiY29udGFpbiIsImJhY2tncm91bmQiOnsiciI6MjU1LCJnIjoyNTUsImIiOjI1NSwiYWxwaGEiOjF9fX19,"['Acceso pavimentado', 'Cerca zona urbana', 'Colegios / Universidades', 'Parqueadero visitantes', 'Sobre vía principal', 'Trans. público cercano', 'Vigilancia', 'Zona comercial', 'Zona residencial']"
21, Mexico,"[' Coahuila', ' Usado']", Torreón, Senderos, 237 m², Local , Renta ,42660,Mensual,PesosMexicanos,https://image.wasi.co/eyJidWNrZXQiOiJzdGF0aWN3Iiwia2V5IjoiaW5tdWVibGVzXC9nNTk0MDcxMjAyMDExMDQwMjAyNDcucG5nIiwiZWRpdHMiOnsibm9ybWFsaXNlIjp0cnVlLCJyb3RhdGUiOjAsInJlc2l6ZSI6eyJ3aWR0aCI6OTAwLCJoZWlnaHQiOjY3NSwiZml0IjoiY29udGFpbiIsImJhY2tncm91bmQiOnsiciI6MjU1LCJnIjoyNTUsImIiOjI1NSwiYWxwaGEiOjF9fX19,"['Acceso pavimentado', 'Cerca zona urbana', 'Colegios / Universidades', 'Parqueadero visitantes', 'Sobre vía principal', 'Trans. público cercano', 'Vigilancia', 'Zona comercial', 'Zona residencial']"
22, Mexico,"[' Nuevo León', ' Usado']", Juárez, San Roque,, Local , Renta ,41093,Mensual,PesosMexicanos,https://image.wasi.co/eyJidWNrZXQiOiJzdGF0aWN3Iiwia2V5IjoiaW5tdWVibGVzXC9nNTk0MDcxMjAyMDExMDMwNTU4NDkucG5nIiwiZWRpdHMiOnsibm9ybWFsaXNlIjp0cnVlLCJyb3RhdGUiOjAsInJlc2l6ZSI6eyJ3aWR0aCI6OTAwLCJoZWlnaHQiOjY3NSwiZml0IjoiY29udGFpbiIsImJhY2tncm91bmQiOnsiciI6MjU1LCJnIjoyNTUsImIiOjI1NSwiYWxwaGEiOjF9fX19,"['Acceso pavimentado', 'Cerca zona urbana', 'Parqueadero visitantes', 'Sobre vía principal', 'Trans. público cercano', 'Vigilancia', 'Zona comercial', 'Zona residencial']"
23, Mexico,"[' Nuevo León', ' Usado']", Santa Catarina, La Puerta, 121.87 m², Local , Renta ,40948,Mensual,PesosMexicanos,https://image.wasi.co/eyJidWNrZXQiOiJzdGF0aWN3Iiwia2V5IjoiaW5tdWVibGVzXC9nNTk0MDcxMjAyMTA5MTkwNzAwMTQucG5nIiwiZWRpdHMiOnsibm9ybWFsaXNlIjp0cnVlLCJyb3RhdGUiOjAsInJlc2l6ZSI6eyJ3aWR0aCI6OTAwLCJoZWlnaHQiOjY3NSwiZml0IjoiY29udGFpbiIsImJhY2tncm91bmQiOnsiciI6MjU1LCJnIjoyNTUsImIiOjI1NSwiYWxwaGEiOjF9fX19,"['Acceso pavimentado', 'Centros comerciales', 'Cerca zona urbana', 'Parqueadero visitantes', 'Sobre vía principal', 'Trans. público cercano', 'Vigilancia', 'Zona comercial', 'Zona residencial']"
24, Mexico,"[' Nuevo León', ' Usado']", Monterrey,, 121 m², Local , Renta ,40948,Mensual,PesosMexicanos,https://image.wasi.co/eyJidWNrZXQiOiJzdGF0aWN3Iiwia2V5IjoiaW5tdWVibGVzXC9nNTk0MDcxMjAyMTAyMDgxMjIxMTQucG5nIiwiZWRpdHMiOnsibm9ybWFsaXNlIjp0cnVlLCJyb3RhdGUiOjAsInJlc2l6ZSI6eyJ3aWR0aCI6OTAwLCJoZWlnaHQiOjY3NSwiZml0IjoiY29udGFpbiIsImJhY2tncm91bmQiOnsiciI6MjU1LCJnIjoyNTUsImIiOjI1NSwiYWxwaGEiOjF9fX19,[]
25, Mexico,"[' Nuevo León', ' Nuevo']", Apodaca, Las Margaritas, 289.33 m², Local , Renta ,40507,Mensual,PesosMexicanos,https://image.wasi.co/eyJidWNrZXQiOiJzdGF0aWN3Iiwia2V5IjoiaW5tdWVibGVzXC9nNTk0MDcxMjAyMTA5MTUwOTMxNDAuanBnIiwiZWRpdHMiOnsibm9ybWFsaXNlIjp0cnVlLCJyb3RhdGUiOjAsInJlc2l6ZSI6eyJ3aWR0aCI6OTAwLCJoZWlnaHQiOjY3NSwiZml0IjoiY29udGFpbiIsImJhY2tncm91bmQiOnsiciI6MjU1LCJnIjoyNTUsImIiOjI1NSwiYWxwaGEiOjF9fX19,"['Acceso pavimentado', 'Parqueadero visitantes', 'Sobre vía principal', 'Trans. público cercano', 'Vigilancia', 'Zona comercial', 'Zona residencial']"
26, Mexico,"[' Tamaulipas', ' Usado']", Reynosa, Bugambilias, 450 m², Terreno , Renta ,40500,Mensual,PesosMexicanos,https://image.wasi.co/eyJidWNrZXQiOiJzdGF0aWN3Iiwia2V5IjoiaW5tdWVibGVzXC9nNTk0MDcyMjAyMDExMDMwNjM3NDEucG5nIiwiZWRpdHMiOnsibm9ybWFsaXNlIjp0cnVlLCJyb3RhdGUiOjAsInJlc2l6ZSI6eyJ3aWR0aCI6OTAwLCJoZWlnaHQiOjY3NSwiZml0IjoiY29udGFpbiIsImJhY2tncm91bmQiOnsiciI6MjU1LCJnIjoyNTUsImIiOjI1NSwiYWxwaGEiOjF9fX19,"['Acceso pavimentado', 'Cerca zona urbana', 'Parqueadero visitantes', 'Sobre vía principal', 'Trans. público cercano', 'Vigilancia', 'Zona comercial', 'Zona residencial']"
27, Mexico,"[' San Luis Potosí', ' Usado']", San Luis Potosí, Los Pinos,, Terreno , Renta ,37270,Mensual,PesosMexicanos,https://image.wasi.co/eyJidWNrZXQiOiJzdGF0aWN3Iiwia2V5IjoiaW5tdWVibGVzXC9nNTk0MDcxMjAyMDExMDUwNTIwMTUucG5nIiwiZWRpdHMiOnsibm9ybWFsaXNlIjp0cnVlLCJyb3RhdGUiOjAsInJlc2l6ZSI6eyJ3aWR0aCI6OTAwLCJoZWlnaHQiOjY3NSwiZml0IjoiY29udGFpbiIsImJhY2tncm91bmQiOnsiciI6MjU1LCJnIjoyNTUsImIiOjI1NSwiYWxwaGEiOjF9fX19,"['Acceso pavimentado', 'Cerca zona urbana', 'Parqueadero visitantes', 'Sobre vía principal', 'Trans. público cercano', 'Vigilancia', 'Zona comercial', 'Zona residencial']"
28, Mexico,"[' Nuevo León', ' Usado']", San Nicolás de los Garza, Universidad, 70 m², Local , Renta ,35000,Mensual,PesosMexicanos,https://image.wasi.co/eyJidWNrZXQiOiJzdGF0aWN3Iiwia2V5IjoiaW5tdWVibGVzXC9nNTk0MDcyMjAyMjA2MTcxMjA2NDMuanBlZyIsImVkaXRzIjp7Im5vcm1hbGlzZSI6dHJ1ZSwicm90YXRlIjowLCJyZXNpemUiOnsid2lkdGgiOjkwMCwiaGVpZ2h0Ijo2NzUsImZpdCI6ImNvbnRhaW4iLCJiYWNrZ3JvdW5kIjp7InIiOjI1NSwiZyI6MjU1LCJiIjoyNTUsImFscGhhIjoxfX19fQ==,"['Acceso pavimentado', 'Centros comerciales', 'Cerca zona urbana', 'Colegios / Universidades', 'Parqueadero visitantes', 'Sobre vía principal', 'Trans. público cercano', 'Vigilancia', 'Zona comercial', 'Zona residencial']"
29, Mexico,"[' Nuevo León', ' Usado']", Juárez, San Roque, 115.84 m², Local , Renta ,34752,Mensual,PesosMexicanos,https://image.wasi.co/eyJidWNrZXQiOiJzdGF0aWN3Iiwia2V5IjoiaW5tdWVibGVzXC9nNTk0MDcxMjAyMjA0MTUxMTQ3MzgucG5nIiwiZWRpdHMiOnsibm9ybWFsaXNlIjp0cnVlLCJyb3RhdGUiOjAsInJlc2l6ZSI6eyJ3aWR0aCI6OTAwLCJoZWlnaHQiOjY3NSwiZml0IjoiY29udGFpbiIsImJhY2tncm91bmQiOnsiciI6MjU1LCJnIjoyNTUsImIiOjI1NSwiYWxwaGEiOjF9fX19,"['Acceso pavimentado', 'Cerca zona urbana', 'Colegios / Universidades', 'Parqueadero visitantes', 'Sobre vía principal', 'Trans. público cercano', 'Vigilancia', 'Zona comercial', 'Zona residencial']"
30, Mexico,"[' Coahuila', ' Usado']", Torreón, Senderos, 98.44 m², Local , Renta ,32485,Mensual,PesosMexicanos,https://image.wasi.co/eyJidWNrZXQiOiJzdGF0aWN3Iiwia2V5IjoiaW5tdWVibGVzXC9nNTk0MDcxMjAyMjAyMjMxMTEwMzAucG5nIiwiZWRpdHMiOnsibm9ybWFsaXNlIjp0cnVlLCJyb3RhdGUiOjAsInJlc2l6ZSI6eyJ3aWR0aCI6OTAwLCJoZWlnaHQiOjY3NSwiZml0IjoiY29udGFpbiIsImJhY2tncm91bmQiOnsiciI6MjU1LCJnIjoyNTUsImIiOjI1NSwiYWxwaGEiOjF9fX19,"['Acceso pavimentado', 'Centros comerciales', 'Cerca zona urbana', 'Colegios / Universidades', 'Parqueadero visitantes', 'Sobre vía principal', 'Trans. público cercano', 'Vigilancia', 'Zona comercial', 'Zona residencial']"
31, Mexico,"[' Tamaulipas', ' Usado']", Reynosa, Jarachinas,, Terreno , Renta ,31815,Mensual,PesosMexicanos,https://image.wasi.co/eyJidWNrZXQiOiJzdGF0aWN3Iiwia2V5IjoiaW5tdWVibGVzXC9nNTk0MDcxMjAyMDExMDMwNjIwMzgucG5nIiwiZWRpdHMiOnsibm9ybWFsaXNlIjp0cnVlLCJyb3RhdGUiOjAsInJlc2l6ZSI6eyJ3aWR0aCI6OTAwLCJoZWlnaHQiOjY3NSwiZml0IjoiY29udGFpbiIsImJhY2tncm91bmQiOnsiciI6MjU1LCJnIjoyNTUsImIiOjI1NSwiYWxwaGEiOjF9fX19,"['Acceso pavimentado', 'Centros comerciales', 'Cerca zona urbana', 'Colegios / Universidades', 'Parqueadero visitantes', 'Sobre vía principal', 'Trans. público cercano', 'Vigilancia', 'Zona comercial', 'Zona industrial', 'Zona residencial']"
32, Mexico,"[' Nuevo León', ' Usado']", Guadalupe,, 100 m², Local , Renta ,30000,Mensual,PesosMexicanos,https://image.wasi.co/eyJidWNrZXQiOiJzdGF0aWN3Iiwia2V5IjoiaW5tdWVibGVzXC9nNTk0MDcxMjAyMTAzMDIwNjA3MjMucG5nIiwiZWRpdHMiOnsibm9ybWFsaXNlIjp0cnVlLCJyb3RhdGUiOjAsInJlc2l6ZSI6eyJ3aWR0aCI6OTAwLCJoZWlnaHQiOjY3NSwiZml0IjoiY29udGFpbiIsImJhY2tncm91bmQiOnsiciI6MjU1LCJnIjoyNTUsImIiOjI1NSwiYWxwaGEiOjF9fX19,"['Acceso pavimentado', 'Centros comerciales', 'Cerca zona urbana', 'Colegios / Universidades', 'Parqueadero visitantes', 'Sobre vía principal', 'Trans. público cercano', 'Vigilancia', 'Zona comercial', 'Zona residencial']"
33, Mexico,"[' Nuevo León', ' Usado']", Monterrey, Lincoln, 133 m², Oficina , Renta ,30000,Mensual,PesosMexicanos,https://image.wasi.co/eyJidWNrZXQiOiJzdGF0aWN3Iiwia2V5IjoiaW5tdWVibGVzXC9nNTk0MDcxMjAyMDExMDYwNjAzNTMucG5nIiwiZWRpdHMiOnsibm9ybWFsaXNlIjp0cnVlLCJyb3RhdGUiOjAsInJlc2l6ZSI6eyJ3aWR0aCI6OTAwLCJoZWlnaHQiOjY3NSwiZml0IjoiY29udGFpbiIsImJhY2tncm91bmQiOnsiciI6MjU1LCJnIjoyNTUsImIiOjI1NSwiYWxwaGEiOjF9fX19,[]
34, Mexico,"[' Nuevo León', ' Usado']", Monterrey, Gonzalitos, 81 m², Local , Renta ,28616,Mensual,PesosMexicanos,https://image.wasi.co/eyJidWNrZXQiOiJzdGF0aWN3Iiwia2V5IjoiaW5tdWVibGVzXC9nNTk0MDcyMjAyMjA2MjIwMjQ0MDUucG5nIiwiZWRpdHMiOnsibm9ybWFsaXNlIjp0cnVlLCJyb3RhdGUiOjAsInJlc2l6ZSI6eyJ3aWR0aCI6OTAwLCJoZWlnaHQiOjY3NSwiZml0IjoiY29udGFpbiIsImJhY2tncm91bmQiOnsiciI6MjU1LCJnIjoyNTUsImIiOjI1NSwiYWxwaGEiOjF9fX19,"['Acceso pavimentado', 'Cerca zona urbana', 'Colegios / Universidades', 'Parqueadero visitantes', 'Sobre vía principal', 'Trans. público cercano', 'Vigilancia', 'Zona comercial', 'Zona residencial']"
35, Mexico,"[' Nuevo León', ' Usado']", Monterrey, Gonzalitos, 70 m², Local , Renta ,28000,Mensual,PesosMexicanos,https://image.wasi.co/eyJidWNrZXQiOiJzdGF0aWN3Iiwia2V5IjoiaW5tdWVibGVzXC9nNTk0MDcyMjAyMjA2MjIwMjQxNTgucG5nIiwiZWRpdHMiOnsibm9ybWFsaXNlIjp0cnVlLCJyb3RhdGUiOjAsInJlc2l6ZSI6eyJ3aWR0aCI6OTAwLCJoZWlnaHQiOjY3NSwiZml0IjoiY29udGFpbiIsImJhY2tncm91bmQiOnsiciI6MjU1LCJnIjoyNTUsImIiOjI1NSwiYWxwaGEiOjF9fX19,"['Acceso pavimentado', 'Cerca zona urbana', 'Colegios / Universidades', 'Parqueadero visitantes', 'Sobre vía principal', 'Trans. público cercano', 'Vigilancia', 'Zona comercial', 'Zona residencial']"
36, Mexico,"[' Nuevo León', ' Usado']", San Pedro, Gomez Morin, 76 m², Oficina , Renta ,26064,Mensual,PesosMexicanos,https://image.wasi.co/eyJidWNrZXQiOiJzdGF0aWN3Iiwia2V5IjoiaW5tdWVibGVzXC9nNTk0MDcxMjAyMDExMDgwNDI3NTEucG5nIiwiZWRpdHMiOnsibm9ybWFsaXNlIjp0cnVlLCJyb3RhdGUiOjAsInJlc2l6ZSI6eyJ3aWR0aCI6OTAwLCJoZWlnaHQiOjY3NSwiZml0IjoiY29udGFpbiIsImJhY2tncm91bmQiOnsiciI6MjU1LCJnIjoyNTUsImIiOjI1NSwiYWxwaGEiOjF9fX19,"['Acceso pavimentado', 'Cerca zona urbana', 'Parqueadero visitantes', 'Sobre vía principal', 'Trans. público cercano', 'Vigilancia', 'Zona comercial', 'Zona residencial']"
37, Mexico,"[' Tamaulipas', ' Usado']", Reynosa,,, Terreno , Renta ,25000,Mensual,PesosMexicanos,https://image.wasi.co/eyJidWNrZXQiOiJzdGF0aWN3Iiwia2V5IjoiaW5tdWVibGVzXC9nNTk0MDcxMjAyMDExMDMwNjE4MjIucG5nIiwiZWRpdHMiOnsibm9ybWFsaXNlIjp0cnVlLCJyb3RhdGUiOjAsInJlc2l6ZSI6eyJ3aWR0aCI6OTAwLCJoZWlnaHQiOjY3NSwiZml0IjoiY29udGFpbiIsImJhY2tncm91bmQiOnsiciI6MjU1LCJnIjoyNTUsImIiOjI1NSwiYWxwaGEiOjF9fX19,"['Acceso pavimentado', 'Centros comerciales', 'Cerca zona urbana', 'Colegios / Universidades', 'Parqueadero visitantes', 'Sobre vía principal', 'Trans. público cercano', 'Vigilancia', 'Zona comercial', 'Zona industrial', 'Zona residencial']"
38, Mexico,"[' Nuevo León', ' Usado']", Monterrey, Gonzalitos, 50.00 m², Local , Renta ,24000,Mensual,PesosMexicanos,https://image.wasi.co/eyJidWNrZXQiOiJzdGF0aWN3Iiwia2V5IjoiaW5tdWVibGVzXC9nNTk0MDcxMjAyMjA2MjkwMzUxMzkucG5nIiwiZWRpdHMiOnsibm9ybWFsaXNlIjp0cnVlLCJyb3RhdGUiOjAsInJlc2l6ZSI6eyJ3aWR0aCI6OTAwLCJoZWlnaHQiOjY3NSwiZml0IjoiY29udGFpbiIsImJhY2tncm91bmQiOnsiciI6MjU1LCJnIjoyNTUsImIiOjI1NSwiYWxwaGEiOjF9fX19,[]
39, Mexico,"[' Nuevo León', ' Usado']", Monterrey, Gonzalitos, 70 m², Local , Renta ,23030,Mensual,PesosMexicanos,https://image.wasi.co/eyJidWNrZXQiOiJzdGF0aWN3Iiwia2V5IjoiaW5tdWVibGVzXC9nNTk0MDcyMjAyMjA2MjIwMjQwNTUucG5nIiwiZWRpdHMiOnsibm9ybWFsaXNlIjp0cnVlLCJyb3RhdGUiOjAsInJlc2l6ZSI6eyJ3aWR0aCI6OTAwLCJoZWlnaHQiOjY3NSwiZml0IjoiY29udGFpbiIsImJhY2tncm91bmQiOnsiciI6MjU1LCJnIjoyNTUsImIiOjI1NSwiYWxwaGEiOjF9fX19,"['Acceso pavimentado', 'Cerca zona urbana', 'Colegios / Universidades', 'Parqueadero visitantes', 'Sobre vía principal', 'Trans. público cercano', 'Vigilancia', 'Zona comercial', 'Zona residencial']"
40, Mexico,"[' Nuevo León', ' Usado']", Monterrey, Gonzalitos, 38 m², Local , Renta ,22330,Mensual,PesosMexicanos,https://image.wasi.co/eyJidWNrZXQiOiJzdGF0aWN3Iiwia2V5IjoiaW5tdWVibGVzXC9nNTk0MDcxMjAyMTA5MTMxMjM3MzIucG5nIiwiZWRpdHMiOnsibm9ybWFsaXNlIjp0cnVlLCJyb3RhdGUiOjAsInJlc2l6ZSI6eyJ3aWR0aCI6OTAwLCJoZWlnaHQiOjY3NSwiZml0IjoiY29udGFpbiIsImJhY2tncm91bmQiOnsiciI6MjU1LCJnIjoyNTUsImIiOjI1NSwiYWxwaGEiOjF9fX19,"['Acceso pavimentado', 'Cerca zona urbana', 'Colegios / Universidades', 'Parqueadero visitantes', 'Sobre vía principal', 'Trans. público cercano', 'Vigilancia', 'Zona comercial', 'Zona residencial']"
41, Mexico,"[' Nuevo León', ' Usado']", Monterrey, Gonzalitos, 38 m², Local , Renta ,22330,Mensual,PesosMexicanos,https://image.wasi.co/eyJidWNrZXQiOiJzdGF0aWN3Iiwia2V5IjoiaW5tdWVibGVzXC9nNTk0MDczMjAyMjA2MjIwMjM3MzAucG5nIiwiZWRpdHMiOnsibm9ybWFsaXNlIjp0cnVlLCJyb3RhdGUiOjAsInJlc2l6ZSI6eyJ3aWR0aCI6OTAwLCJoZWlnaHQiOjY3NSwiZml0IjoiY29udGFpbiIsImJhY2tncm91bmQiOnsiciI6MjU1LCJnIjoyNTUsImIiOjI1NSwiYWxwaGEiOjF9fX19,"['Acceso pavimentado', 'Cerca zona urbana', 'Colegios / Universidades', 'Parqueadero visitantes', 'Sobre vía principal', 'Trans. público cercano', 'Vigilancia', 'Zona comercial', 'Zona residencial']"
42, Mexico,"[' Nuevo León', ' Usado']", Monterrey, Gonzalitos, 38 m², Local , Renta ,22330,Mensual,PesosMexicanos,https://image.wasi.co/eyJidWNrZXQiOiJzdGF0aWN3Iiwia2V5IjoiaW5tdWVibGVzXC9nNTk0MDczMjAyMjA2MjIwMjM4MDMucG5nIiwiZWRpdHMiOnsibm9ybWFsaXNlIjp0cnVlLCJyb3RhdGUiOjAsInJlc2l6ZSI6eyJ3aWR0aCI6OTAwLCJoZWlnaHQiOjY3NSwiZml0IjoiY29udGFpbiIsImJhY2tncm91bmQiOnsiciI6MjU1LCJnIjoyNTUsImIiOjI1NSwiYWxwaGEiOjF9fX19,"['Acceso pavimentado', 'Cerca zona urbana', 'Colegios / Universidades', 'Parqueadero visitantes', 'Sobre vía principal', 'Trans. público cercano', 'Vigilancia', 'Zona comercial', 'Zona residencial']"
43, Mexico,"[' Nuevo León', ' Usado']", Monterrey, Gonzalitos, 38 m², Local , Renta ,22330,Mensual,PesosMexicanos,https://image.wasi.co/eyJidWNrZXQiOiJzdGF0aWN3Iiwia2V5IjoiaW5tdWVibGVzXC9nNTk0MDc1MjAyMjA2MjIwMjM4MzAucG5nIiwiZWRpdHMiOnsibm9ybWFsaXNlIjp0cnVlLCJyb3RhdGUiOjAsInJlc2l6ZSI6eyJ3aWR0aCI6OTAwLCJoZWlnaHQiOjY3NSwiZml0IjoiY29udGFpbiIsImJhY2tncm91bmQiOnsiciI6MjU1LCJnIjoyNTUsImIiOjI1NSwiYWxwaGEiOjF9fX19,"['Acceso pavimentado', 'Cerca zona urbana', 'Colegios / Universidades', 'Parqueadero visitantes', 'Sobre vía principal', 'Trans. público cercano', 'Vigilancia', 'Zona comercial', 'Zona residencial']"
44, Mexico,"[' Nuevo León', ' Usado']", Monterrey, Gonzalitos, 38 m², Local , Renta ,22330,Mensual,PesosMexicanos,https://image.wasi.co/eyJidWNrZXQiOiJzdGF0aWN3Iiwia2V5IjoiaW5tdWVibGVzXC9nNTk0MDc0MjAyMjA2MjIwMjQzMzMucG5nIiwiZWRpdHMiOnsibm9ybWFsaXNlIjp0cnVlLCJyb3RhdGUiOjAsInJlc2l6ZSI6eyJ3aWR0aCI6OTAwLCJoZWlnaHQiOjY3NSwiZml0IjoiY29udGFpbiIsImJhY2tncm91bmQiOnsiciI6MjU1LCJnIjoyNTUsImIiOjI1NSwiYWxwaGEiOjF9fX19,"['Acceso pavimentado', 'Cerca zona urbana', 'Colegios / Universidades', 'Parqueadero visitantes', 'Sobre vía principal', 'Trans. público cercano', 'Vigilancia', 'Zona comercial', 'Zona residencial']"
45, Mexico,"[' Nuevo León', ' Usado']", Monterrey, Gonzalitos, 70 m², Local , Renta ,22000,Mensual,PesosMexicanos,https://image.wasi.co/eyJidWNrZXQiOiJzdGF0aWN3Iiwia2V5IjoiaW5tdWVibGVzXC9nNTk0MDcyMjAyMjA2MjIwMjQwMTgucG5nIiwiZWRpdHMiOnsibm9ybWFsaXNlIjp0cnVlLCJyb3RhdGUiOjAsInJlc2l6ZSI6eyJ3aWR0aCI6OTAwLCJoZWlnaHQiOjY3NSwiZml0IjoiY29udGFpbiIsImJhY2tncm91bmQiOnsiciI6MjU1LCJnIjoyNTUsImIiOjI1NSwiYWxwaGEiOjF9fX19,"['Acceso pavimentado', 'Cerca zona urbana', 'Colegios / Universidades', 'Parqueadero visitantes', 'Sobre vía principal', 'Trans. público cercano', 'Vigilancia', 'Zona comercial', 'Zonas deportivas']"
46, Mexico,"[' Tamaulipas', ' Usado']", Reynosa, Jarachinas, 68.02 m², Local , Renta ,21724,Mensual,PesosMexicanos,https://image.wasi.co/eyJidWNrZXQiOiJzdGF0aWN3Iiwia2V5IjoiaW5tdWVibGVzXC9nNTk0MDcxMjAyMDExMDMwNjIxMTIucG5nIiwiZWRpdHMiOnsibm9ybWFsaXNlIjp0cnVlLCJyb3RhdGUiOjAsInJlc2l6ZSI6eyJ3aWR0aCI6OTAwLCJoZWlnaHQiOjY3NSwiZml0IjoiY29udGFpbiIsImJhY2tncm91bmQiOnsiciI6MjU1LCJnIjoyNTUsImIiOjI1NSwiYWxwaGEiOjF9fX19,"['Acceso pavimentado', 'Centros comerciales', 'Cerca zona urbana', 'Colegios / Universidades', 'Parqueadero visitantes', 'Sobre vía principal', 'Trans. público cercano', 'Vigilancia', 'Zona comercial', 'Zona industrial', 'Zona residencial']"
47, Mexico,"[' Coahuila', ' Usado']", Torreón,, 62 m², Local , Renta ,20479,Mensual,PesosMexicanos,https://image.wasi.co/eyJidWNrZXQiOiJzdGF0aWN3Iiwia2V5IjoiaW5tdWVibGVzXC9nNTk0MDcxMjAyMDExMDQwMjA0NDUucG5nIiwiZWRpdHMiOnsibm9ybWFsaXNlIjp0cnVlLCJyb3RhdGUiOjAsInJlc2l6ZSI6eyJ3aWR0aCI6OTAwLCJoZWlnaHQiOjY3NSwiZml0IjoiY29udGFpbiIsImJhY2tncm91bmQiOnsiciI6MjU1LCJnIjoyNTUsImIiOjI1NSwiYWxwaGEiOjF9fX19,"['Acceso pavimentado', 'Cerca zona urbana', 'Colegios / Universidades', 'Parqueadero visitantes', 'Sobre vía principal', 'Trans. público cercano', 'Vigilancia', 'Zona comercial', 'Zona residencial']"
48, Mexico,"[' Coahuila', ' Usado']", Torreón, Senderos, 74 m², Local , Renta ,20179,Mensual,PesosMexicanos,https://image.wasi.co/eyJidWNrZXQiOiJzdGF0aWN3Iiwia2V5IjoiaW5tdWVibGVzXC9nNTk0MDcxMjAyMDExMDQwMjEwMDYucG5nIiwiZWRpdHMiOnsibm9ybWFsaXNlIjp0cnVlLCJyb3RhdGUiOjAsInJlc2l6ZSI6eyJ3aWR0aCI6OTAwLCJoZWlnaHQiOjY3NSwiZml0IjoiY29udGFpbiIsImJhY2tncm91bmQiOnsiciI6MjU1LCJnIjoyNTUsImIiOjI1NSwiYWxwaGEiOjF9fX19,"['Acceso pavimentado', 'Cerca zona urbana', 'Colegios / Universidades', 'Parqueadero visitantes', 'Sobre vía principal', 'Trans. público cercano', 'Vigilancia', 'Zona comercial', 'Zona residencial']"
49, Mexico,"[' Coahuila', ' Usado']", Monclova, Pape, 57 m², Local , Renta ,20093,Mensual,PesosMexicanos,https://image.wasi.co/eyJidWNrZXQiOiJzdGF0aWN3Iiwia2V5IjoiaW5tdWVibGVzXC9nNTk0MDcxMjAyMDExMDUxMjQwNTEucG5nIiwiZWRpdHMiOnsibm9ybWFsaXNlIjp0cnVlLCJyb3RhdGUiOjAsInJlc2l6ZSI6eyJ3aWR0aCI6OTAwLCJoZWlnaHQiOjY3NSwiZml0IjoiY29udGFpbiIsImJhY2tncm91bmQiOnsiciI6MjU1LCJnIjoyNTUsImIiOjI1NSwiYWxwaGEiOjF9fX19,"['Acceso pavimentado', 'Cerca zona urbana', 'Colegios / Universidades', 'Parqueadero visitantes', 'Sobre vía principal', 'Trans. público cercano', 'Vigilancia', 'Zona comercial', 'Zona residencial']"
50, Mexico,"[' Tamaulipas', ' Usado']", Reynosa, Jarachinas, 50 m², Local , Renta ,20000,Mensual,PesosMexicanos,https://image.wasi.co/eyJidWNrZXQiOiJzdGF0aWN3Iiwia2V5IjoiaW5tdWVibGVzXC9nNTk0MDcxMjAyMDExMDMwNjIzNDIucG5nIiwiZWRpdHMiOnsibm9ybWFsaXNlIjp0cnVlLCJyb3RhdGUiOjAsInJlc2l6ZSI6eyJ3aWR0aCI6OTAwLCJoZWlnaHQiOjY3NSwiZml0IjoiY29udGFpbiIsImJhY2tncm91bmQiOnsiciI6MjU1LCJnIjoyNTUsImIiOjI1NSwiYWxwaGEiOjF9fX19,"['Acceso pavimentado', 'Centros comerciales', 'Cerca zona urbana', 'Colegios / Universidades', 'Parqueadero visitantes', 'Sobre vía principal', 'Trans. público cercano', 'Vigilancia', 'Zona comercial', 'Zona industrial', 'Zona residencial']"
51, Mexico,"[' Nuevo León', ' Usado']", Monterrey, Gonzalitos, 50 m², Local , Renta ,20000,Mensual,PesosMexicanos,https://image.wasi.co/eyJidWNrZXQiOiJzdGF0aWN3Iiwia2V5IjoiaW5tdWVibGVzXC9nNTk0MDcyMjAyMjA2MjIwMjM5MjcucG5nIiwiZWRpdHMiOnsibm9ybWFsaXNlIjp0cnVlLCJyb3RhdGUiOjAsInJlc2l6ZSI6eyJ3aWR0aCI6OTAwLCJoZWlnaHQiOjY3NSwiZml0IjoiY29udGFpbiIsImJhY2tncm91bmQiOnsiciI6MjU1LCJnIjoyNTUsImIiOjI1NSwiYWxwaGEiOjF9fX19,"['Acceso pavimentado', 'Cerca zona urbana', 'Colegios / Universidades', 'Parqueadero visitantes', 'Sobre vía principal', 'Trans. público cercano', 'Vigilancia', 'Zona comercial', 'Zona residencial']"
52, Mexico,"[' Nuevo León', ' Usado']", Monterrey, Gonzalitos, 50 m², Local , Renta ,20000,Mensual,PesosMexicanos,https://image.wasi.co/eyJidWNrZXQiOiJzdGF0aWN3Iiwia2V5IjoiaW5tdWVibGVzXC9nNTk0MDcyMjAyMjA2MjIwMjM5NDgucG5nIiwiZWRpdHMiOnsibm9ybWFsaXNlIjp0cnVlLCJyb3RhdGUiOjAsInJlc2l6ZSI6eyJ3aWR0aCI6OTAwLCJoZWlnaHQiOjY3NSwiZml0IjoiY29udGFpbiIsImJhY2tncm91bmQiOnsiciI6MjU1LCJnIjoyNTUsImIiOjI1NSwiYWxwaGEiOjF9fX19,"['Acceso pavimentado', 'Cerca zona urbana', 'Colegios / Universidades', 'Parqueadero visitantes', 'Sobre vía principal', 'Trans. público cercano', 'Vigilancia', 'Zona comercial', 'Zona residencial']"
53, Mexico,"[' Tamaulipas', ' Usado']", Reynosa, Jarachinas,, Terreno , Renta ,19537,Mensual,PesosMexicanos,https://image.wasi.co/eyJidWNrZXQiOiJzdGF0aWN3Iiwia2V5IjoiaW5tdWVibGVzXC9nNTk0MDcxMjAyMDExMDMwNjE5NTEucG5nIiwiZWRpdHMiOnsibm9ybWFsaXNlIjp0cnVlLCJyb3RhdGUiOjAsInJlc2l6ZSI6eyJ3aWR0aCI6OTAwLCJoZWlnaHQiOjY3NSwiZml0IjoiY29udGFpbiIsImJhY2tncm91bmQiOnsiciI6MjU1LCJnIjoyNTUsImIiOjI1NSwiYWxwaGEiOjF9fX19,"['Acceso pavimentado', 'Centros comerciales', 'Cerca zona urbana', 'Colegios / Universidades', 'Parqueadero visitantes', 'Sobre vía principal', 'Trans. público cercano', 'Vigilancia', 'Zona comercial', 'Zona industrial', 'Zona residencial']"
54, Mexico,"[' Nuevo León', ' Usado']", San Pedro, Gomez Morin, 64 m², Oficina , Renta ,19455,Mensual,PesosMexicanos,https://image.wasi.co/eyJidWNrZXQiOiJzdGF0aWN3Iiwia2V5IjoiaW5tdWVibGVzXC9nNTk0MDcxMjAyMDExMDgwNDI5NTkucG5nIiwiZWRpdHMiOnsibm9ybWFsaXNlIjp0cnVlLCJyb3RhdGUiOjAsInJlc2l6ZSI6eyJ3aWR0aCI6OTAwLCJoZWlnaHQiOjY3NSwiZml0IjoiY29udGFpbiIsImJhY2tncm91bmQiOnsiciI6MjU1LCJnIjoyNTUsImIiOjI1NSwiYWxwaGEiOjF9fX19,"['Acceso pavimentado', 'Cerca zona urbana', 'Parqueadero visitantes', 'Sobre vía principal', 'Trans. público cercano', 'Vigilancia', 'Zona comercial', 'Zona residencial']"
55, Mexico,"[' Tamaulipas', ' Usado']", Matamoros, Cavazos Lerma, 49.05 m², Local , Renta ,19130,Mensual,PesosMexicanos,https://image.wasi.co/eyJidWNrZXQiOiJzdGF0aWN3Iiwia2V5IjoiaW5tdWVibGVzXC9nNTk0MDcyMjAyMDExMDQwMTM3NTIucG5nIiwiZWRpdHMiOnsibm9ybWFsaXNlIjp0cnVlLCJyb3RhdGUiOjAsInJlc2l6ZSI6eyJ3aWR0aCI6OTAwLCJoZWlnaHQiOjY3NSwiZml0IjoiY29udGFpbiIsImJhY2tncm91bmQiOnsiciI6MjU1LCJnIjoyNTUsImIiOjI1NSwiYWxwaGEiOjF9fX19,"['Acceso pavimentado', 'Cerca zona urbana', 'Parqueadero visitantes', 'Sobre vía principal', 'Trans. público cercano', 'Vigilancia', 'Zona comercial', 'Zona residencial']"
56, Mexico,"[' Tamaulipas', ' Usado']", Reynosa, Jarachinas, 74 m², Local , Renta ,18200,Mensual,PesosMexicanos,https://image.wasi.co/eyJidWNrZXQiOiJzdGF0aWN3Iiwia2V5IjoiaW5tdWVibGVzXC9nNTk0MDcxMjAyMDExMDMwNjIxNDUucG5nIiwiZWRpdHMiOnsibm9ybWFsaXNlIjp0cnVlLCJyb3RhdGUiOjAsInJlc2l6ZSI6eyJ3aWR0aCI6OTAwLCJoZWlnaHQiOjY3NSwiZml0IjoiY29udGFpbiIsImJhY2tncm91bmQiOnsiciI6MjU1LCJnIjoyNTUsImIiOjI1NSwiYWxwaGEiOjF9fX19,"['Acceso pavimentado', 'Centros comerciales', 'Cerca zona urbana', 'Colegios / Universidades', 'Parqueadero visitantes', 'Sobre vía principal', 'Trans. público cercano', 'Vigilancia', 'Zona comercial', 'Zona industrial', 'Zona residencial']"
57, Mexico,"[' Coahuila', ' Usado']", Torreón, Senderos, 62 m², Local , Renta ,17997,Mensual,PesosMexicanos,https://image.wasi.co/eyJidWNrZXQiOiJzdGF0aWN3Iiwia2V5IjoiaW5tdWVibGVzXC9nNTk0MDcxMjAyMDExMDQwMjE0MzAucG5nIiwiZWRpdHMiOnsibm9ybWFsaXNlIjp0cnVlLCJyb3RhdGUiOjAsInJlc2l6ZSI6eyJ3aWR0aCI6OTAwLCJoZWlnaHQiOjY3NSwiZml0IjoiY29udGFpbiIsImJhY2tncm91bmQiOnsiciI6MjU1LCJnIjoyNTUsImIiOjI1NSwiYWxwaGEiOjF9fX19,"['Acceso pavimentado', 'Cerca zona urbana', 'Colegios / Universidades', 'Parqueadero visitantes', 'Sobre vía principal', 'Trans. público cercano', 'Vigilancia', 'Zona campestre', 'Zona residencial']"
58, Mexico,"[' Coahuila', ' Usado']", Torreón, Senderos, 62 m², Local , Renta ,17997,Mensual,PesosMexicanos,https://image.wasi.co/eyJidWNrZXQiOiJzdGF0aWN3Iiwia2V5IjoiaW5tdWVibGVzXC9nNTk0MDcxMjAyMDExMDQwMjI2MDYucG5nIiwiZWRpdHMiOnsibm9ybWFsaXNlIjp0cnVlLCJyb3RhdGUiOjAsInJlc2l6ZSI6eyJ3aWR0aCI6OTAwLCJoZWlnaHQiOjY3NSwiZml0IjoiY29udGFpbiIsImJhY2tncm91bmQiOnsiciI6MjU1LCJnIjoyNTUsImIiOjI1NSwiYWxwaGEiOjF9fX19,"['Acceso pavimentado', 'Cerca zona urbana', 'Colegios / Universidades', 'Parqueadero visitantes', 'Sobre vía principal', 'Trans. público cercano', 'Vigilancia', 'Zona comercial', 'Zona residencial']"
59, Mexico,"[' Nuevo León', ' Usado']", Monterrey, Gonzalitos, 50 m², Local , Renta ,17500,Mensual,PesosMexicanos,https://image.wasi.co/eyJidWNrZXQiOiJzdGF0aWN3Iiwia2V5IjoiaW5tdWVibGVzXC9nNTk0MDcxMjAyMDExMDQxMjAyNTAucG5nIiwiZWRpdHMiOnsibm9ybWFsaXNlIjp0cnVlLCJyb3RhdGUiOjAsInJlc2l6ZSI6eyJ3aWR0aCI6OTAwLCJoZWlnaHQiOjY3NSwiZml0IjoiY29udGFpbiIsImJhY2tncm91bmQiOnsiciI6MjU1LCJnIjoyNTUsImIiOjI1NSwiYWxwaGEiOjF9fX19,"['Acceso pavimentado', 'Cerca zona urbana', 'Colegios / Universidades', 'Parqueadero visitantes', 'Sobre vía principal', 'Trans. público cercano', 'Vigilancia', 'Zona comercial', 'Zona residencial']"
60, Mexico,"[' Guanajuato', ' Usado']", Irapuato, Ave. Guerrero, 32 m², Local , Renta ,17150,Mensual,PesosMexicanos,https://image.wasi.co/eyJidWNrZXQiOiJzdGF0aWN3Iiwia2V5IjoiaW5tdWVibGVzXC9nNTk0MDcxMjAyMDExMDgwMjAyMzAucG5nIiwiZWRpdHMiOnsibm9ybWFsaXNlIjp0cnVlLCJyb3RhdGUiOjAsInJlc2l6ZSI6eyJ3aWR0aCI6OTAwLCJoZWlnaHQiOjY3NSwiZml0IjoiY29udGFpbiIsImJhY2tncm91bmQiOnsiciI6MjU1LCJnIjoyNTUsImIiOjI1NSwiYWxwaGEiOjF9fX19,"['Acceso pavimentado', 'Cerca zona urbana', 'Parqueadero visitantes', 'Sobre vía principal', 'Trans. público cercano', 'Vigilancia', 'Zona comercial', 'Zona residencial']"
61, Mexico,"[' Nuevo León', ' Usado']", Santa Catarina, La Puerta, 76 m², Local , Renta ,16883,Mensual,PesosMexicanos,https://image.wasi.co/eyJidWNrZXQiOiJzdGF0aWN3Iiwia2V5IjoiaW5tdWVibGVzXC9nNTk0MDcxMjAyMDExMDYwNTA2MTUucG5nIiwiZWRpdHMiOnsibm9ybWFsaXNlIjp0cnVlLCJyb3RhdGUiOjAsInJlc2l6ZSI6eyJ3aWR0aCI6OTAwLCJoZWlnaHQiOjY3NSwiZml0IjoiY29udGFpbiIsImJhY2tncm91bmQiOnsiciI6MjU1LCJnIjoyNTUsImIiOjI1NSwiYWxwaGEiOjF9fX19,[]
62, Mexico,"[' Nuevo León', ' Usado']", Monterrey,, 62.00 m², Local , Renta ,16000,Mensual,PesosMexicanos,https://image.wasi.co/eyJidWNrZXQiOiJzdGF0aWN3Iiwia2V5IjoiaW5tdWVibGVzXC9nNTk0MDcxMjAyMTAxMDUwNjI5MjUucG5nIiwiZWRpdHMiOnsibm9ybWFsaXNlIjp0cnVlLCJyb3RhdGUiOjAsInJlc2l6ZSI6eyJ3aWR0aCI6OTAwLCJoZWlnaHQiOjY3NSwiZml0IjoiY29udGFpbiIsImJhY2tncm91bmQiOnsiciI6MjU1LCJnIjoyNTUsImIiOjI1NSwiYWxwaGEiOjF9fX19,[]
63, Mexico,"[' Coahuila', ' Usado']", Monclova, Pape, 39 m², Local , Renta ,15908,Mensual,PesosMexicanos,https://image.wasi.co/eyJidWNrZXQiOiJzdGF0aWN3Iiwia2V5IjoiaW5tdWVibGVzXC9nNTk0MDcxMjAyMDExMDUwNTE4MTcucG5nIiwiZWRpdHMiOnsibm9ybWFsaXNlIjp0cnVlLCJyb3RhdGUiOjAsInJlc2l6ZSI6eyJ3aWR0aCI6OTAwLCJoZWlnaHQiOjY3NSwiZml0IjoiY29udGFpbiIsImJhY2tncm91bmQiOnsiciI6MjU1LCJnIjoyNTUsImIiOjI1NSwiYWxwaGEiOjF9fX19,"['Acceso pavimentado', 'Cerca zona urbana', 'Colegios / Universidades', 'Parqueadero visitantes', 'Sobre vía principal', 'Trans. público cercano', 'Vigilancia', 'Zona comercial', 'Zona residencial']"
64, Mexico,"[' Coahuila', ' Usado']", Monclova, Pape, 39 m², Local , Renta ,15796,Mensual,PesosMexicanos,https://image.wasi.co/eyJidWNrZXQiOiJzdGF0aWN3Iiwia2V5IjoiaW5tdWVibGVzXC9nNTk0MDcxMjAyMDExMDUwMzQ0NTQucG5nIiwiZWRpdHMiOnsibm9ybWFsaXNlIjp0cnVlLCJyb3RhdGUiOjAsInJlc2l6ZSI6eyJ3aWR0aCI6OTAwLCJoZWlnaHQiOjY3NSwiZml0IjoiY29udGFpbiIsImJhY2tncm91bmQiOnsiciI6MjU1LCJnIjoyNTUsImIiOjI1NSwiYWxwaGEiOjF9fX19,"['Acceso pavimentado', 'Cerca zona urbana', 'Colegios / Universidades', 'Parqueadero visitantes', 'Sobre vía principal', 'Trans. público cercano', 'Vigilancia', 'Zona comercial', 'Zona residencial']"
65, Mexico,"[' Guanajuato', ' Usado']", León, Cerro Gordo, 36 m², Local , Renta ,15529,Mensual,PesosMexicanos,https://image.wasi.co/eyJidWNrZXQiOiJzdGF0aWN3Iiwia2V5IjoiaW5tdWVibGVzXC9nNTk0MDcxMjAyMDExMDgwNjEyNTEucG5nIiwiZWRpdHMiOnsibm9ybWFsaXNlIjp0cnVlLCJyb3RhdGUiOjAsInJlc2l6ZSI6eyJ3aWR0aCI6OTAwLCJoZWlnaHQiOjY3NSwiZml0IjoiY29udGFpbiIsImJhY2tncm91bmQiOnsiciI6MjU1LCJnIjoyNTUsImIiOjI1NSwiYWxwaGEiOjF9fX19,"['Acceso pavimentado', 'Cerca zona urbana', 'Colegios / Universidades', 'Parqueadero visitantes', 'Sobre vía principal', 'Trans. público cercano', 'Vigilancia', 'Zona comercial', 'Zona residencial']"
66, Mexico,"[' Coahuila', ' Usado']", Torreón, Revolucion, 30.03 m², Local , Renta ,15250,Mensual,PesosMexicanos,https://image.wasi.co/eyJidWNrZXQiOiJzdGF0aWN3Iiwia2V5IjoiaW5tdWVibGVzXC9nNTk0MDcxMjAyMTAxMDYwMTU2MDgucG5nIiwiZWRpdHMiOnsibm9ybWFsaXNlIjp0cnVlLCJyb3RhdGUiOjAsInJlc2l6ZSI6eyJ3aWR0aCI6OTAwLCJoZWlnaHQiOjY3NSwiZml0IjoiY29udGFpbiIsImJhY2tncm91bmQiOnsiciI6MjU1LCJnIjoyNTUsImIiOjI1NSwiYWxwaGEiOjF9fX19,[]
67, Mexico,"[' Tamaulipas', ' Usado']", Tampico, Ejercito, 5 m², Isla , Renta ,15160,Mensual,PesosMexicanos,https://image.wasi.co/eyJidWNrZXQiOiJzdGF0aWN3Iiwia2V5IjoiaW5tdWVibGVzXC9nNTk0MDcxMjAyMDExMDgwNDA0NDAucG5nIiwiZWRpdHMiOnsibm9ybWFsaXNlIjp0cnVlLCJyb3RhdGUiOjAsInJlc2l6ZSI6eyJ3aWR0aCI6OTAwLCJoZWlnaHQiOjY3NSwiZml0IjoiY29udGFpbiIsImJhY2tncm91bmQiOnsiciI6MjU1LCJnIjoyNTUsImIiOjI1NSwiYWxwaGEiOjF9fX19,"['Acceso pavimentado', 'Cerca zona urbana', 'Parqueadero visitantes', 'Sobre vía principal', 'Trans. público cercano', 'Vigilancia', 'Zona comercial', 'Zona residencial']"
68, Mexico,"[' Nuevo León', ' Usado']", Monterrey, Gonzalitos, 41 m², Local , Renta ,14493,Mensual,PesosMexicanos,https://image.wasi.co/eyJidWNrZXQiOiJzdGF0aWN3Iiwia2V5IjoiaW5tdWVibGVzXC9nNTk0MDcyMjAyMjA2MjIwMjQ0MzYucG5nIiwiZWRpdHMiOnsibm9ybWFsaXNlIjp0cnVlLCJyb3RhdGUiOjAsInJlc2l6ZSI6eyJ3aWR0aCI6OTAwLCJoZWlnaHQiOjY3NSwiZml0IjoiY29udGFpbiIsImJhY2tncm91bmQiOnsiciI6MjU1LCJnIjoyNTUsImIiOjI1NSwiYWxwaGEiOjF9fX19,"['Acceso pavimentado', 'Cerca zona urbana', 'Colegios / Universidades', 'Parqueadero visitantes', 'Sobre vía principal', 'Trans. público cercano', 'Vigilancia', 'Zona comercial', 'Zona residencial']"
69, Mexico,"[' Coahuila', ' Usado']", Monclova, Pape, 25 m², Local , Renta ,14118,Mensual,PesosMexicanos,https://image.wasi.co/eyJidWNrZXQiOiJzdGF0aWN3Iiwia2V5IjoiaW5tdWVibGVzXC9nNTk0MDcxMjAyMDExMDUxMjQ0NTEucG5nIiwiZWRpdHMiOnsibm9ybWFsaXNlIjp0cnVlLCJyb3RhdGUiOjAsInJlc2l6ZSI6eyJ3aWR0aCI6OTAwLCJoZWlnaHQiOjY3NSwiZml0IjoiY29udGFpbiIsImJhY2tncm91bmQiOnsiciI6MjU1LCJnIjoyNTUsImIiOjI1NSwiYWxwaGEiOjF9fX19,"['Acceso pavimentado', 'Cerca zona urbana', 'Colegios / Universidades', 'Parqueadero visitantes', 'Sobre vía principal', 'Trans. público cercano', 'Vigilancia', 'Zona comercial', 'Zona residencial']"
70, Mexico,"[' Nuevo León', ' Usado']", Apodaca, Metroplex, 60 m², Local , Renta ,14100,Mensual,PesosMexicanos,https://image.wasi.co/eyJidWNrZXQiOiJzdGF0aWN3Iiwia2V5IjoiaW5tdWVibGVzXC9nNTk0MDc4MjAyMDExMDMwODE2MjYucG5nIiwiZWRpdHMiOnsibm9ybWFsaXNlIjp0cnVlLCJyb3RhdGUiOjAsInJlc2l6ZSI6eyJ3aWR0aCI6OTAwLCJoZWlnaHQiOjY3NSwiZml0IjoiY29udGFpbiIsImJhY2tncm91bmQiOnsiciI6MjU1LCJnIjoyNTUsImIiOjI1NSwiYWxwaGEiOjF9fX19,"['Acceso pavimentado', 'Cerca zona urbana', 'Colegios / Universidades', 'Parqueadero visitantes', 'Sobre vía principal', 'Trans. público cercano', 'Vigilancia', 'Zona comercial', 'Zona residencial']"
71, Mexico,"[' Nuevo León', ' Usado']", Apodaca, Metroplex, 120 m², Local , Renta ,14100,Mensual,PesosMexicanos,https://image.wasi.co/eyJidWNrZXQiOiJzdGF0aWN3Iiwia2V5IjoiaW5tdWVibGVzXC9nNTk0MDczMjAyMDExMDMwODE2NTQucG5nIiwiZWRpdHMiOnsibm9ybWFsaXNlIjp0cnVlLCJyb3RhdGUiOjAsInJlc2l6ZSI6eyJ3aWR0aCI6OTAwLCJoZWlnaHQiOjY3NSwiZml0IjoiY29udGFpbiIsImJhY2tncm91bmQiOnsiciI6MjU1LCJnIjoyNTUsImIiOjI1NSwiYWxwaGEiOjF9fX19,"['Acceso pavimentado', 'Cerca zona urbana', 'Colegios / Universidades', 'Parqueadero visitantes', 'Sobre vía principal', 'Trans. público cercano', 'Vigilancia', 'Zona comercial', 'Zona residencial']"
72, Mexico,"[' Nuevo León', ' Usado']", Monterrey, Gonzalitos, 20 m², Local , Renta ,14000,Mensual,PesosMexicanos,https://image.wasi.co/eyJidWNrZXQiOiJzdGF0aWN3Iiwia2V5IjoiaW5tdWVibGVzXC9nNTk0MDc0MjAyMjA2MjIwMjQzMDAucG5nIiwiZWRpdHMiOnsibm9ybWFsaXNlIjp0cnVlLCJyb3RhdGUiOjAsInJlc2l6ZSI6eyJ3aWR0aCI6OTAwLCJoZWlnaHQiOjY3NSwiZml0IjoiY29udGFpbiIsImJhY2tncm91bmQiOnsiciI6MjU1LCJnIjoyNTUsImIiOjI1NSwiYWxwaGEiOjF9fX19,"['Acceso pavimentado', 'Cerca zona urbana', 'Colegios / Universidades', 'Parqueadero visitantes', 'Sobre vía principal', 'Trans. público cercano', 'Vigilancia', 'Zona comercial', 'Zona residencial']"
73, Mexico,"[' Aguascalientes', ' Usado']", Aguascalientes, Pulgas Pandas, 34 m², Local , Renta ,13996,Mensual,PesosMexicanos,https://image.wasi.co/eyJidWNrZXQiOiJzdGF0aWN3Iiwia2V5IjoiaW5tdWVibGVzXC9nNTk0MDcxMjAyMDExMDgwNjU4NDQucG5nIiwiZWRpdHMiOnsibm9ybWFsaXNlIjp0cnVlLCJyb3RhdGUiOjAsInJlc2l6ZSI6eyJ3aWR0aCI6OTAwLCJoZWlnaHQiOjY3NSwiZml0IjoiY29udGFpbiIsImJhY2tncm91bmQiOnsiciI6MjU1LCJnIjoyNTUsImIiOjI1NSwiYWxwaGEiOjF9fX19,"['Acceso pavimentado', 'Cerca zona urbana', 'Parqueadero visitantes', 'Sobre vía principal', 'Trans. público cercano', 'Vigilancia', 'Zona comercial', 'Zona residencial']"
74, Mexico,"[' Tamaulipas', ' Usado']", Reynosa, Bugambilias, 40 m², Local , Renta ,13841,Mensual,PesosMexicanos,https://image.wasi.co/eyJidWNrZXQiOiJzdGF0aWN3Iiwia2V5IjoiaW5tdWVibGVzXC9nNTk0MDcxMjAyMDExMDMwNjQ0MTYucG5nIiwiZWRpdHMiOnsibm9ybWFsaXNlIjp0cnVlLCJyb3RhdGUiOjAsInJlc2l6ZSI6eyJ3aWR0aCI6OTAwLCJoZWlnaHQiOjY3NSwiZml0IjoiY29udGFpbiIsImJhY2tncm91bmQiOnsiciI6MjU1LCJnIjoyNTUsImIiOjI1NSwiYWxwaGEiOjF9fX19,"['Acceso pavimentado', 'Cerca zona urbana', 'Parqueadero visitantes', 'Sobre vía principal', 'Trans. público cercano', 'Vigilancia', 'Zona comercial', 'Zona residencial']"
75, Mexico,"[' Coahuila', ' Usado']", Monclova, Pape, 39 m², Local , Renta ,13821,Mensual,PesosMexicanos,https://image.wasi.co/eyJidWNrZXQiOiJzdGF0aWN3Iiwia2V5IjoiaW5tdWVibGVzXC9nNTk0MDcxMjAyMDExMDUwMzUyNDAucG5nIiwiZWRpdHMiOnsibm9ybWFsaXNlIjp0cnVlLCJyb3RhdGUiOjAsInJlc2l6ZSI6eyJ3aWR0aCI6OTAwLCJoZWlnaHQiOjY3NSwiZml0IjoiY29udGFpbiIsImJhY2tncm91bmQiOnsiciI6MjU1LCJnIjoyNTUsImIiOjI1NSwiYWxwaGEiOjF9fX19,"['Acceso pavimentado', 'Cerca zona urbana', 'Colegios / Universidades', 'Parqueadero visitantes', 'Sobre vía principal', 'Trans. público cercano', 'Vigilancia', 'Zona comercial', 'Zona residencial']"
76, Mexico,"[' Tamaulipas', ' Usado']", Matamoros, Cavazos Lerma, 24 m², Local , Renta ,13469,Mensual,PesosMexicanos,https://image.wasi.co/eyJidWNrZXQiOiJzdGF0aWN3Iiwia2V5IjoiaW5tdWVibGVzXC9nNTk0MDcyMjAyMDExMDQwMTM4MTAucG5nIiwiZWRpdHMiOnsibm9ybWFsaXNlIjp0cnVlLCJyb3RhdGUiOjAsInJlc2l6ZSI6eyJ3aWR0aCI6OTAwLCJoZWlnaHQiOjY3NSwiZml0IjoiY29udGFpbiIsImJhY2tncm91bmQiOnsiciI6MjU1LCJnIjoyNTUsImIiOjI1NSwiYWxwaGEiOjF9fX19,[]
77, Mexico,"[' Tamaulipas', ' Usado']", Reynosa,, 39 m², Local , Renta ,13003,Mensual,PesosMexicanos,https://image.wasi.co/eyJidWNrZXQiOiJzdGF0aWN3Iiwia2V5IjoiaW5tdWVibGVzXC9nNTk0MDcxMjAyMDExMDMwNjIyMjUucG5nIiwiZWRpdHMiOnsibm9ybWFsaXNlIjp0cnVlLCJyb3RhdGUiOjAsInJlc2l6ZSI6eyJ3aWR0aCI6OTAwLCJoZWlnaHQiOjY3NSwiZml0IjoiY29udGFpbiIsImJhY2tncm91bmQiOnsiciI6MjU1LCJnIjoyNTUsImIiOjI1NSwiYWxwaGEiOjF9fX19,"['Acceso pavimentado', 'Centros comerciales', 'Cerca zona urbana', 'Colegios / Universidades', 'Parqueadero visitantes', 'Sobre vía principal', 'Trans. público cercano', 'Vigilancia', 'Zona comercial', 'Zona industrial', 'Zona residencial']"
78, Mexico,"[' Coahuila', ' Usado']", Torreón, Revolucion, 25 m², Local , Renta ,12750,Mensual,PesosMexicanos,https://image.wasi.co/eyJidWNrZXQiOiJzdGF0aWN3Iiwia2V5IjoiaW5tdWVibGVzXC9nNTk0MDcxMjAyMDExMDQwMzMzMDQucG5nIiwiZWRpdHMiOnsibm9ybWFsaXNlIjp0cnVlLCJyb3RhdGUiOjAsInJlc2l6ZSI6eyJ3aWR0aCI6OTAwLCJoZWlnaHQiOjY3NSwiZml0IjoiY29udGFpbiIsImJhY2tncm91bmQiOnsiciI6MjU1LCJnIjoyNTUsImIiOjI1NSwiYWxwaGEiOjF9fX19,"['Acceso pavimentado', 'Cerca zona urbana', 'Colegios / Universidades', 'Parqueadero visitantes', 'Sobre vía principal', 'Trans. público cercano', 'Vigilancia', 'Zona comercial', 'Zona residencial']"
79, Mexico,"[' Coahuila', ' Usado']", Torreón, Independencia, 23 m², Local , Renta ,12359,Mensual,PesosMexicanos,https://image.wasi.co/eyJidWNrZXQiOiJzdGF0aWN3Iiwia2V5IjoiaW5tdWVibGVzXC9nNTk0MDcxMjAyMDExMDgwMjI5NDAucG5nIiwiZWRpdHMiOnsibm9ybWFsaXNlIjp0cnVlLCJyb3RhdGUiOjAsInJlc2l6ZSI6eyJ3aWR0aCI6OTAwLCJoZWlnaHQiOjY3NSwiZml0IjoiY29udGFpbiIsImJhY2tncm91bmQiOnsiciI6MjU1LCJnIjoyNTUsImIiOjI1NSwiYWxwaGEiOjF9fX19,"['Acceso pavimentado', 'Cerca zona urbana', 'Parqueadero visitantes', 'Sobre vía principal', 'Trans. público cercano', 'Vigilancia', 'Zona comercial', 'Zona residencial']"
80, Mexico,"[' Aguascalientes', ' Usado']", Aguascalientes, Pulgas Pandas, 29.84 m², Local , Renta ,11940,Mensual,PesosMexicanos,https://image.wasi.co/eyJidWNrZXQiOiJzdGF0aWN3Iiwia2V5IjoiaW5tdWVibGVzXC9nNTk0MDcxMjAyMDExMDgwNjQ5NTYucG5nIiwiZWRpdHMiOnsibm9ybWFsaXNlIjp0cnVlLCJyb3RhdGUiOjAsInJlc2l6ZSI6eyJ3aWR0aCI6OTAwLCJoZWlnaHQiOjY3NSwiZml0IjoiY29udGFpbiIsImJhY2tncm91bmQiOnsiciI6MjU1LCJnIjoyNTUsImIiOjI1NSwiYWxwaGEiOjF9fX19,"['Acceso pavimentado', 'Cerca zona urbana', 'Parqueadero visitantes', 'Sobre vía principal', 'Trans. público cercano', 'Vigilancia', 'Zona comercial', 'Zona residencial']"
81, Mexico,"[' Nuevo León', ' Nuevo']", Apodaca, Las Margaritas, 41.14 m², Local , Renta ,11931,Mensual,PesosMexicanos,https://image.wasi.co/eyJidWNrZXQiOiJzdGF0aWN3Iiwia2V5IjoiaW5tdWVibGVzXC9nNTk0MDcxMjAyMTA5MTUwOTI3MzMuanBnIiwiZWRpdHMiOnsibm9ybWFsaXNlIjp0cnVlLCJyb3RhdGUiOjAsInJlc2l6ZSI6eyJ3aWR0aCI6OTAwLCJoZWlnaHQiOjY3NSwiZml0IjoiY29udGFpbiIsImJhY2tncm91bmQiOnsiciI6MjU1LCJnIjoyNTUsImIiOjI1NSwiYWxwaGEiOjF9fX19,"['Acceso pavimentado', 'Parqueadero visitantes', 'Sobre vía principal', 'Trans. público cercano', 'Vigilancia', 'Zona comercial', 'Zona residencial']"
82, Mexico,"[' Guanajuato', ' Usado']", Irapuato, Ave. Guerrero, 26 m², Local , Renta ,11709,Mensual,PesosMexicanos,https://image.wasi.co/eyJidWNrZXQiOiJzdGF0aWN3Iiwia2V5IjoiaW5tdWVibGVzXC9nNTk0MDcxMjAyMDExMDgwMjA4NDYucG5nIiwiZWRpdHMiOnsibm9ybWFsaXNlIjp0cnVlLCJyb3RhdGUiOjAsInJlc2l6ZSI6eyJ3aWR0aCI6OTAwLCJoZWlnaHQiOjY3NSwiZml0IjoiY29udGFpbiIsImJhY2tncm91bmQiOnsiciI6MjU1LCJnIjoyNTUsImIiOjI1NSwiYWxwaGEiOjF9fX19,"['Acceso pavimentado', 'Cerca zona urbana', 'Parqueadero visitantes', 'Sobre vía principal', 'Trans. público cercano', 'Vigilancia', 'Zona comercial', 'Zona residencial']"
83, Mexico,"[' Guanajuato', ' Usado']", Irapuato, Ave. Guerrero, 26 m², Local , Renta ,11709,Mensual,PesosMexicanos,https://image.wasi.co/eyJidWNrZXQiOiJzdGF0aWN3Iiwia2V5IjoiaW5tdWVibGVzXC9nNTk0MDcxMjAyMDExMDgwMjExMzUucG5nIiwiZWRpdHMiOnsibm9ybWFsaXNlIjp0cnVlLCJyb3RhdGUiOjAsInJlc2l6ZSI6eyJ3aWR0aCI6OTAwLCJoZWlnaHQiOjY3NSwiZml0IjoiY29udGFpbiIsImJhY2tncm91bmQiOnsiciI6MjU1LCJnIjoyNTUsImIiOjI1NSwiYWxwaGEiOjF9fX19,"['Acceso pavimentado', 'Cerca zona urbana', 'Parqueadero visitantes', 'Sobre vía principal', 'Trans. público cercano', 'Vigilancia', 'Zona comercial', 'Zona residencial']"
84, Mexico,"[' Guanajuato', ' Usado']", Irapuato, Ave. Guerrero, 26 m², Local , Renta ,11709,Mensual,PesosMexicanos,https://image.wasi.co/eyJidWNrZXQiOiJzdGF0aWN3Iiwia2V5IjoiaW5tdWVibGVzXC9nNTk0MDcxMjAyMDExMDgwMjE2NTAucG5nIiwiZWRpdHMiOnsibm9ybWFsaXNlIjp0cnVlLCJyb3RhdGUiOjAsInJlc2l6ZSI6eyJ3aWR0aCI6OTAwLCJoZWlnaHQiOjY3NSwiZml0IjoiY29udGFpbiIsImJhY2tncm91bmQiOnsiciI6MjU1LCJnIjoyNTUsImIiOjI1NSwiYWxwaGEiOjF9fX19,[]
85, Mexico,"[' Coahuila', ' Usado']", Torreón, Revolucion, 37 m², Local , Renta ,11500,Mensual,PesosMexicanos,https://image.wasi.co/eyJidWNrZXQiOiJzdGF0aWN3Iiwia2V5IjoiaW5tdWVibGVzXC9nNTk0MDcxMjAyMDExMDQwMzQ4MjAucG5nIiwiZWRpdHMiOnsibm9ybWFsaXNlIjp0cnVlLCJyb3RhdGUiOjAsInJlc2l6ZSI6eyJ3aWR0aCI6OTAwLCJoZWlnaHQiOjY3NSwiZml0IjoiY29udGFpbiIsImJhY2tncm91bmQiOnsiciI6MjU1LCJnIjoyNTUsImIiOjI1NSwiYWxwaGEiOjF9fX19,"['Acceso pavimentado', 'Cerca zona urbana', 'Colegios / Universidades', 'Parqueadero visitantes', 'Sobre vía principal', 'Trans. público cercano', 'Vigilancia', 'Zona comercial', 'Zona residencial']"
86, Mexico,"[' Guanajuato', ' Usado']", Irapuato, Ave. Guerrero, 23 m², Local , Renta ,10620,Mensual,PesosMexicanos,https://image.wasi.co/eyJidWNrZXQiOiJzdGF0aWN3Iiwia2V5IjoiaW5tdWVibGVzXC9nNTk0MDcxMjAyMDExMDgwMjIyNDYucG5nIiwiZWRpdHMiOnsibm9ybWFsaXNlIjp0cnVlLCJyb3RhdGUiOjAsInJlc2l6ZSI6eyJ3aWR0aCI6OTAwLCJoZWlnaHQiOjY3NSwiZml0IjoiY29udGFpbiIsImJhY2tncm91bmQiOnsiciI6MjU1LCJnIjoyNTUsImIiOjI1NSwiYWxwaGEiOjF9fX19,"['Acceso pavimentado', 'Cerca zona urbana', 'Parqueadero visitantes', 'Sobre vía principal', 'Trans. público cercano', 'Vigilancia', 'Zona comercial', 'Zona residencial']"
87, Mexico,"[' Tamaulipas', ' Usado']", Reynosa, Jarachinas, 35 m², Local , Renta ,10500,Mensual,PesosMexicanos,https://image.wasi.co/eyJidWNrZXQiOiJzdGF0aWN3Iiwia2V5IjoiaW5tdWVibGVzXC9nNTk0MDcxMjAyMDExMDMwNjIyNTYucG5nIiwiZWRpdHMiOnsibm9ybWFsaXNlIjp0cnVlLCJyb3RhdGUiOjAsInJlc2l6ZSI6eyJ3aWR0aCI6OTAwLCJoZWlnaHQiOjY3NSwiZml0IjoiY29udGFpbiIsImJhY2tncm91bmQiOnsiciI6MjU1LCJnIjoyNTUsImIiOjI1NSwiYWxwaGEiOjF9fX19,"['Acceso pavimentado', 'Centros comerciales', 'Cerca zona urbana', 'Colegios / Universidades', 'Parqueadero visitantes', 'Sobre vía principal', 'Trans. público cercano', 'Vigilancia', 'Zona comercial', 'Zona industrial', 'Zona residencial']"
88, Mexico,"[' Nuevo León', ' Usado']", Monterrey, Gonzalitos, 4 m², Isla , Renta ,10000,Mensual,PesosMexicanos,https://image.wasi.co/eyJidWNrZXQiOiJzdGF0aWN3Iiwia2V5IjoiaW5tdWVibGVzXC9nNTk0MDc2MjAyMjA2MjIwMjMxMDEucG5nIiwiZWRpdHMiOnsibm9ybWFsaXNlIjp0cnVlLCJyb3RhdGUiOjAsInJlc2l6ZSI6eyJ3aWR0aCI6OTAwLCJoZWlnaHQiOjY3NSwiZml0IjoiY29udGFpbiIsImJhY2tncm91bmQiOnsiciI6MjU1LCJnIjoyNTUsImIiOjI1NSwiYWxwaGEiOjF9fX19,"['Acceso pavimentado', 'Cerca zona urbana', 'Parqueadero visitantes', 'Sobre vía principal', 'Trans. público cercano', 'Vigilancia', 'Zona comercial', 'Zona residencial']"
89, Mexico,"[' Tamaulipas', ' Usado']", Hidalgo, Hidalgo, 3 m², Isla , Renta ,10000,Mensual,PesosMexicanos,https://image.wasi.co/eyJidWNrZXQiOiJzdGF0aWN3Iiwia2V5IjoiaW5tdWVibGVzXC9nNTk0MDcxMjAyMDExMDgwMjU0MDcucG5nIiwiZWRpdHMiOnsibm9ybWFsaXNlIjp0cnVlLCJyb3RhdGUiOjAsInJlc2l6ZSI6eyJ3aWR0aCI6OTAwLCJoZWlnaHQiOjY3NSwiZml0IjoiY29udGFpbiIsImJhY2tncm91bmQiOnsiciI6MjU1LCJnIjoyNTUsImIiOjI1NSwiYWxwaGEiOjF9fX19,"['Acceso pavimentado', 'Cerca zona urbana', 'Parqueadero visitantes', 'Sobre vía principal', 'Trans. público cercano', 'Vigilancia', 'Zona comercial', 'Zona residencial']"
90, Mexico,"[' Nuevo León', ' Usado']", Juárez, Ciudadela, 58 m², Local , Renta ,9989,Mensual,PesosMexicanos,https://image.wasi.co/eyJidWNrZXQiOiJzdGF0aWN3Iiwia2V5IjoiaW5tdWVibGVzXC9nNTk0MDcyMjAyMDExMDMwMzQ1NDkuanBlZyIsImVkaXRzIjp7Im5vcm1hbGlzZSI6dHJ1ZSwicm90YXRlIjowLCJyZXNpemUiOnsid2lkdGgiOjkwMCwiaGVpZ2h0Ijo2NzUsImZpdCI6ImNvbnRhaW4iLCJiYWNrZ3JvdW5kIjp7InIiOjI1NSwiZyI6MjU1LCJiIjoyNTUsImFscGhhIjoxfX19fQ==,[]
91, Mexico,"[' Nuevo León', ' Usado']", Juárez, Ciudadela, 58 m², Local , Renta ,9989,Mensual,PesosMexicanos,https://image.wasi.co/eyJidWNrZXQiOiJzdGF0aWN3Iiwia2V5IjoiaW5tdWVibGVzXC9nNTk0MDcyMjAyMDExMDMwMzUyMzAuanBlZyIsImVkaXRzIjp7Im5vcm1hbGlzZSI6dHJ1ZSwicm90YXRlIjowLCJyZXNpemUiOnsid2lkdGgiOjkwMCwiaGVpZ2h0Ijo2NzUsImZpdCI6ImNvbnRhaW4iLCJiYWNrZ3JvdW5kIjp7InIiOjI1NSwiZyI6MjU1LCJiIjoyNTUsImFscGhhIjoxfX19fQ==,"['Acceso pavimentado', 'Cerca zona urbana', 'Parqueadero visitantes', 'Sobre vía principal', 'Trans. público cercano', 'Vigilancia', 'Zona comercial', 'Zona residencial']"
92, Mexico,"[' Nuevo León', ' Nuevo']", Apodaca, Las Margaritas, 27.60 m², Local , Renta ,9960,Mensual,PesosMexicanos,https://image.wasi.co/eyJidWNrZXQiOiJzdGF0aWN3Iiwia2V5IjoiaW5tdWVibGVzXC9nNTk0MDcxMjAyMTA5MTUwOTExMjkuanBnIiwiZWRpdHMiOnsibm9ybWFsaXNlIjp0cnVlLCJyb3RhdGUiOjAsInJlc2l6ZSI6eyJ3aWR0aCI6OTAwLCJoZWlnaHQiOjY3NSwiZml0IjoiY29udGFpbiIsImJhY2tncm91bmQiOnsiciI6MjU1LCJnIjoyNTUsImIiOjI1NSwiYWxwaGEiOjF9fX19,"['Acceso pavimentado', 'Parqueadero visitantes', 'Sobre vía principal', 'Trans. público cercano', 'Vigilancia', 'Zona comercial', 'Zona residencial']"
93, Mexico,"[' Nuevo León', ' Nuevo']", Apodaca, Las Margaritas, 27.60 m², Local , Renta ,9936,Mensual,PesosMexicanos,https://image.wasi.co/eyJidWNrZXQiOiJzdGF0aWN3Iiwia2V5IjoiaW5tdWVibGVzXC9nNTk0MDcxMjAyMTA5MTUwOTA1MTIuanBnIiwiZWRpdHMiOnsibm9ybWFsaXNlIjp0cnVlLCJyb3RhdGUiOjAsInJlc2l6ZSI6eyJ3aWR0aCI6OTAwLCJoZWlnaHQiOjY3NSwiZml0IjoiY29udGFpbiIsImJhY2tncm91bmQiOnsiciI6MjU1LCJnIjoyNTUsImIiOjI1NSwiYWxwaGEiOjF9fX19,"['Acceso pavimentado', 'Cerca zona urbana', 'Parqueadero visitantes', 'Trans. público cercano', 'Vigilancia', 'Zona residencial']"
94, Mexico,"[' Guanajuato', ' Usado']", Irapuato, Ave. Guerrero, 24 m², Local , Renta ,9636,Mensual,PesosMexicanos,https://image.wasi.co/eyJidWNrZXQiOiJzdGF0aWN3Iiwia2V5IjoiaW5tdWVibGVzXC9nNTk0MDcxMjAyMDExMDgwMjEzMDcucG5nIiwiZWRpdHMiOnsibm9ybWFsaXNlIjp0cnVlLCJyb3RhdGUiOjAsInJlc2l6ZSI6eyJ3aWR0aCI6OTAwLCJoZWlnaHQiOjY3NSwiZml0IjoiY29udGFpbiIsImJhY2tncm91bmQiOnsiciI6MjU1LCJnIjoyNTUsImIiOjI1NSwiYWxwaGEiOjF9fX19,"['Acceso pavimentado', 'Cerca zona urbana', 'Parqueadero visitantes', 'Sobre vía principal', 'Trans. público cercano', 'Vigilancia', 'Zona comercial', 'Zona residencial']"
95, Mexico,"[' Coahuila', ' Usado']", Torreón, Revolucion, 35 m², Local , Renta ,9514,Mensual,PesosMexicanos,https://image.wasi.co/eyJidWNrZXQiOiJzdGF0aWN3Iiwia2V5IjoiaW5tdWVibGVzXC9nNTk0MDcxMjAyMDExMDQwMzUwMjkucG5nIiwiZWRpdHMiOnsibm9ybWFsaXNlIjp0cnVlLCJyb3RhdGUiOjAsInJlc2l6ZSI6eyJ3aWR0aCI6OTAwLCJoZWlnaHQiOjY3NSwiZml0IjoiY29udGFpbiIsImJhY2tncm91bmQiOnsiciI6MjU1LCJnIjoyNTUsImIiOjI1NSwiYWxwaGEiOjF9fX19,"['Acceso pavimentado', 'Cerca zona urbana', 'Colegios / Universidades', 'Parqueadero visitantes', 'Sobre vía principal', 'Trans. público cercano', 'Vigilancia', 'Zona comercial', 'Zona residencial']"
96, Mexico,"[' Coahuila', ' Usado']", Torreón, Senderos, 20.87 m², Local , Renta ,9400,Mensual,PesosMexicanos,https://image.wasi.co/eyJidWNrZXQiOiJzdGF0aWN3Iiwia2V5IjoiaW5tdWVibGVzXC9nNTk0MDcxMjAyMTAxMDUwNjIxMDIucG5nIiwiZWRpdHMiOnsibm9ybWFsaXNlIjp0cnVlLCJyb3RhdGUiOjAsInJlc2l6ZSI6eyJ3aWR0aCI6OTAwLCJoZWlnaHQiOjY3NSwiZml0IjoiY29udGFpbiIsImJhY2tncm91bmQiOnsiciI6MjU1LCJnIjoyNTUsImIiOjI1NSwiYWxwaGEiOjF9fX19,[]
97, Mexico,"[' Coahuila', ' Usado']", Torreón, Senderos, 20.87 m², Local , Renta ,9392,Mensual,PesosMexicanos,https://image.wasi.co/eyJidWNrZXQiOiJzdGF0aWN3Iiwia2V5IjoiaW5tdWVibGVzXC9nNTk0MDcxMjAyMTAzMDcwNDIzMjEucG5nIiwiZWRpdHMiOnsibm9ybWFsaXNlIjp0cnVlLCJyb3RhdGUiOjAsInJlc2l6ZSI6eyJ3aWR0aCI6OTAwLCJoZWlnaHQiOjY3NSwiZml0IjoiY29udGFpbiIsImJhY2tncm91bmQiOnsiciI6MjU1LCJnIjoyNTUsImIiOjI1NSwiYWxwaGEiOjF9fX19,"['Acceso pavimentado', 'Centros comerciales', 'Cerca zona urbana', 'Colegios / Universidades', 'Parqueadero visitantes', 'Sobre vía principal', 'Trans. público cercano', 'Vigilancia', 'Zona comercial', 'Zona residencial']"
98, Mexico,"[' Coahuila', ' Usado']", Torreón, Senderos, 20.87 m², Local , Renta ,9392,Mensual,PesosMexicanos,https://image.wasi.co/eyJidWNrZXQiOiJzdGF0aWN3Iiwia2V5IjoiaW5tdWVibGVzXC9nNTk0MDcxMjAyMTAyMjEwNjA2NDkucG5nIiwiZWRpdHMiOnsibm9ybWFsaXNlIjp0cnVlLCJyb3RhdGUiOjAsInJlc2l6ZSI6eyJ3aWR0aCI6OTAwLCJoZWlnaHQiOjY3NSwiZml0IjoiY29udGFpbiIsImJhY2tncm91bmQiOnsiciI6MjU1LCJnIjoyNTUsImIiOjI1NSwiYWxwaGEiOjF9fX19,"['Acceso pavimentado', 'Centros comerciales', 'Cerca zona urbana', 'Colegios / Universidades', 'Parqueadero visitantes', 'Parques cercanos', 'Sobre vía principal', 'Trans. público cercano', 'Vigilancia', 'Zona comercial', 'Zona residencial']"
99, Mexico,"[' Nuevo León', ' Nuevo']", Juárez,, 28.36 m², Local , Renta ,9358,Mensual,PesosMexicanos,https://image.wasi.co/eyJidWNrZXQiOiJzdGF0aWN3Iiwia2V5IjoiaW5tdWVibGVzXC9nNTk0MDcxMjAyMjA0MTUxMTQzMjYuanBnIiwiZWRpdHMiOnsibm9ybWFsaXNlIjp0cnVlLCJyb3RhdGUiOjAsInJlc2l6ZSI6eyJ3aWR0aCI6OTAwLCJoZWlnaHQiOjY3NSwiZml0IjoiY29udGFpbiIsImJhY2tncm91bmQiOnsiciI6MjU1LCJnIjoyNTUsImIiOjI1NSwiYWxwaGEiOjF9fX19,"['Acceso pavimentado', 'Centros comerciales', 'Cerca zona urbana', 'Parqueadero visitantes', 'Sobre vía principal', 'Trans. público cercano', 'Vigilancia', 'Zona comercial', 'Zona residencial']"
100, Mexico,"[' Nuevo León', ' Usado']", Escobedo, Raul Salinas, 48 m², Local , Renta ,9286,Mensual,PesosMexicanos,https://image.wasi.co/eyJidWNrZXQiOiJzdGF0aWN3Iiwia2V5IjoiaW5tdWVibGVzXC9nNTk0MDcxMjAyMDExMDMwMTIyNTYuanBnIiwiZWRpdHMiOnsibm9ybWFsaXNlIjp0cnVlLCJyb3RhdGUiOjAsInJlc2l6ZSI6eyJ3aWR0aCI6OTAwLCJoZWlnaHQiOjY3NSwiZml0IjoiY29udGFpbiIsImJhY2tncm91bmQiOnsiciI6MjU1LCJnIjoyNTUsImIiOjI1NSwiYWxwaGEiOjF9fX19,"['Acceso pavimentado', 'Cerca zona urbana', 'Parqueadero visitantes', 'Sobre vía principal', 'Trans. público cercano', 'Vigilancia', 'Zona comercial', 'Zona residencial']"
101, Mexico,"[' Coahuila', ' Usado']", Torreón,, 4 m², Isla , Renta ,9000,Mensual,PesosMexicanos,https://image.wasi.co/eyJidWNrZXQiOiJzdGF0aWN3Iiwia2V5IjoiaW5tdWVibGVzXC9nNTk0MDcxMjAyMDExMDgwMjQwMDAucG5nIiwiZWRpdHMiOnsibm9ybWFsaXNlIjp0cnVlLCJyb3RhdGUiOjAsInJlc2l6ZSI6eyJ3aWR0aCI6OTAwLCJoZWlnaHQiOjY3NSwiZml0IjoiY29udGFpbiIsImJhY2tncm91bmQiOnsiciI6MjU1LCJnIjoyNTUsImIiOjI1NSwiYWxwaGEiOjF9fX19,"['Acceso pavimentado', 'Cerca zona urbana', 'Parqueadero visitantes', 'Sobre vía principal', 'Trans. público cercano', 'Vigilancia', 'Zona comercial', 'Zona residencial']"
102, Mexico,"[' Nuevo León', ' Usado']", Pesquería, Valle De Santa Maria, 33 m², Local , Renta ,8999,Mensual,PesosMexicanos,https://image.wasi.co/eyJidWNrZXQiOiJzdGF0aWN3Iiwia2V5IjoiaW5tdWVibGVzXC9nNTk0MDcyMjAyMDExMDMwNTIxMDMucG5nIiwiZWRpdHMiOnsibm9ybWFsaXNlIjp0cnVlLCJyb3RhdGUiOjAsInJlc2l6ZSI6eyJ3aWR0aCI6OTAwLCJoZWlnaHQiOjY3NSwiZml0IjoiY29udGFpbiIsImJhY2tncm91bmQiOnsiciI6MjU1LCJnIjoyNTUsImIiOjI1NSwiYWxwaGEiOjF9fX19,"['Acceso pavimentado', 'Cerca zona urbana', 'Colegios / Universidades', 'Parqueadero visitantes', 'Sobre vía principal', 'Trans. público cercano', 'Vigilancia', 'Zona comercial', 'Zona residencial']"
103, Mexico,"[' Nuevo León', ' Usado']", Pesquería, Valle De Santa Maria, 38 m², Local , Renta ,8760,Mensual,PesosMexicanos,https://image.wasi.co/eyJidWNrZXQiOiJzdGF0aWN3Iiwia2V5IjoiaW5tdWVibGVzXC9nNTk0MDcxMjAyMDExMDMwNTI1MjQucG5nIiwiZWRpdHMiOnsibm9ybWFsaXNlIjp0cnVlLCJyb3RhdGUiOjAsInJlc2l6ZSI6eyJ3aWR0aCI6OTAwLCJoZWlnaHQiOjY3NSwiZml0IjoiY29udGFpbiIsImJhY2tncm91bmQiOnsiciI6MjU1LCJnIjoyNTUsImIiOjI1NSwiYWxwaGEiOjF9fX19,"['Acceso pavimentado', 'Cerca zona urbana', 'Colegios / Universidades', 'Parqueadero visitantes', 'Sobre vía principal', 'Trans. público cercano', 'Vigilancia', 'Zona comercial', 'Zona residencial']"
104, Mexico,"[' Tamaulipas', ' Usado']", Reynosa, Jarachinas, 21 m², Local , Renta ,8552,Mensual,PesosMexicanos,https://image.wasi.co/eyJidWNrZXQiOiJzdGF0aWN3Iiwia2V5IjoiaW5tdWVibGVzXC9nNTk0MDcxMjAyMDExMDMwNjI1NTIucG5nIiwiZWRpdHMiOnsibm9ybWFsaXNlIjp0cnVlLCJyb3RhdGUiOjAsInJlc2l6ZSI6eyJ3aWR0aCI6OTAwLCJoZWlnaHQiOjY3NSwiZml0IjoiY29udGFpbiIsImJhY2tncm91bmQiOnsiciI6MjU1LCJnIjoyNTUsImIiOjI1NSwiYWxwaGEiOjF9fX19,"['Acceso pavimentado', 'Centros comerciales', 'Cerca zona urbana', 'Colegios / Universidades', 'Parqueadero visitantes', 'Sobre vía principal', 'Trans. público cercano', 'Vigilancia', 'Zona comercial', 'Zona industrial', 'Zona residencial']"
105, Mexico,"[' Nuevo León', ' Usado']", Escobedo, Raul Salinas, 48 m², Local , Renta ,7877,Mensual,PesosMexicanos,https://image.wasi.co/eyJidWNrZXQiOiJzdGF0aWN3Iiwia2V5IjoiaW5tdWVibGVzXC9nNTk0MDcxMjAyMDExMDMwMjA2MTMuanBnIiwiZWRpdHMiOnsibm9ybWFsaXNlIjp0cnVlLCJyb3RhdGUiOjAsInJlc2l6ZSI6eyJ3aWR0aCI6OTAwLCJoZWlnaHQiOjY3NSwiZml0IjoiY29udGFpbiIsImJhY2tncm91bmQiOnsiciI6MjU1LCJnIjoyNTUsImIiOjI1NSwiYWxwaGEiOjF9fX19,"['Acceso pavimentado', 'Cerca zona urbana', 'Parqueadero visitantes', 'Sobre vía principal', 'Trans. público cercano', 'Vigilancia', 'Zona comercial', 'Zona residencial']"
106, Mexico,"[' Nuevo León', ' Usado']", Escobedo, Raul Salinas, 48 m², Local , Renta ,7699,Mensual,PesosMexicanos,https://image.wasi.co/eyJidWNrZXQiOiJzdGF0aWN3Iiwia2V5IjoiaW5tdWVibGVzXC9nNTk0MDcxMjAyMDExMDMwMTI5MDIuanBnIiwiZWRpdHMiOnsibm9ybWFsaXNlIjp0cnVlLCJyb3RhdGUiOjAsInJlc2l6ZSI6eyJ3aWR0aCI6OTAwLCJoZWlnaHQiOjY3NSwiZml0IjoiY29udGFpbiIsImJhY2tncm91bmQiOnsiciI6MjU1LCJnIjoyNTUsImIiOjI1NSwiYWxwaGEiOjF9fX19,"['Acceso pavimentado', 'Cerca zona urbana', 'Parqueadero visitantes', 'Sobre vía principal', 'Trans. público cercano', 'Vigilancia', 'Zona comercial', 'Zona residencial']"
107, Mexico,"[' Nuevo León', ' Usado']", Escobedo, Raul Salinas, 48 m², Local , Renta ,7150,Mensual,PesosMexicanos,https://image.wasi.co/eyJidWNrZXQiOiJzdGF0aWN3Iiwia2V5IjoiaW5tdWVibGVzXC9nNTk0MDcyMjAyMDExMDMwMTQ0NDEuanBnIiwiZWRpdHMiOnsibm9ybWFsaXNlIjp0cnVlLCJyb3RhdGUiOjAsInJlc2l6ZSI6eyJ3aWR0aCI6OTAwLCJoZWlnaHQiOjY3NSwiZml0IjoiY29udGFpbiIsImJhY2tncm91bmQiOnsiciI6MjU1LCJnIjoyNTUsImIiOjI1NSwiYWxwaGEiOjF9fX19,"['Acceso pavimentado', 'Cerca zona urbana', 'Parqueadero visitantes', 'Sobre vía principal', 'Trans. público cercano', 'Vigilancia', 'Zona comercial', 'Zona residencial']"
108, Mexico,"[' Nuevo León', ' Usado']", Escobedo, Raul Salinas, 48 m², Local , Renta ,7150,Mensual,PesosMexicanos,https://image.wasi.co/eyJidWNrZXQiOiJzdGF0aWN3Iiwia2V5IjoiaW5tdWVibGVzXC9nNTk0MDcxMjAyMDExMDMwMTQ4NDYuanBnIiwiZWRpdHMiOnsibm9ybWFsaXNlIjp0cnVlLCJyb3RhdGUiOjAsInJlc2l6ZSI6eyJ3aWR0aCI6OTAwLCJoZWlnaHQiOjY3NSwiZml0IjoiY29udGFpbiIsImJhY2tncm91bmQiOnsiciI6MjU1LCJnIjoyNTUsImIiOjI1NSwiYWxwaGEiOjF9fX19,"['Acceso pavimentado', 'Cerca zona urbana', 'Parqueadero visitantes', 'Sobre vía principal', 'Trans. público cercano', 'Vigilancia', 'Zona comercial', 'Zona residencial']"
109, Mexico,"[' Nuevo León', ' Usado']", Escobedo, Raul Salinas, 48 m², Local , Renta ,6050,Mensual,PesosMexicanos,https://image.wasi.co/eyJidWNrZXQiOiJzdGF0aWN3Iiwia2V5IjoiaW5tdWVibGVzXC9nNTk0MDcxMjAyMDExMDMwMjExMTQuanBnIiwiZWRpdHMiOnsibm9ybWFsaXNlIjp0cnVlLCJyb3RhdGUiOjAsInJlc2l6ZSI6eyJ3aWR0aCI6OTAwLCJoZWlnaHQiOjY3NSwiZml0IjoiY29udGFpbiIsImJhY2tncm91bmQiOnsiciI6MjU1LCJnIjoyNTUsImIiOjI1NSwiYWxwaGEiOjF9fX19,"['Acceso pavimentado', 'Cerca zona urbana', 'Parqueadero visitantes', 'Sobre vía principal', 'Trans. público cercano', 'Vigilancia', 'Zona comercial', 'Zona residencial']"
