,id,suite,divisible_minimum,available_sqm,is_for_rent,is_for_sale,rent_price,currency_rent_price,sale_price,currency_sale_price,images_gallery,images_gallery_thumbnail,map_image,description,notes,contacts,date_available,updated,cam,currency_cam,confirmed,all_confirmed,valid,is_favorite,building.id,building.position.lat,building.position.lng,building.building_name,building.full_address,building.industrial_park,building.images_gallery_thumbnail,building.market,building.building_status,building.is_for_rent,building.is_for_sale,building.total_spaces,building.slug,building.confirmed,other_spaces.contact,other_spaces.spaces_list
0,180,,,20438.6695912545,True,True,6.0277896,USD,38.63,USD,['https://solili.s3.amazonaws.com/media/20170111_1159541485144939_building.jpg'],['https://d1qt0l5rwmztsk.cloudfront.net/media/20170111_1159541485144939_building_thumbnail.jpg'],"https://maps.googleapis.com/maps/api/staticmap?center=32.4906064248,-117.032861699&zoom=15&scale=false&size=600x400&maptype=roadmap&format=png&style=feature:all|element:all|visibility:simplified&visual_refresh=true&markers=icon:https://s3-us-west-2.amazonaws.com/solili/static/assets/img/maps/point-marker-black_20x20.png|32.4906064248,-117.032861699&key=AIzaSyC8dEOt7Qx6gIEnnxWuImXd5ALEUTBp85w",,,"[{'id': 1405, 'name': 'Carlos Antonio Maldonado Araico ', 'professional_photo': 'https://solili.s3.amazonaws.com/static/upgrade/src/img/utils/default_photo.png', 'company': 'ARAICO REALTY GROUP', 'phone': '(+52) 664 6641232036', 'confirmed': True, 'directory_url': '/perfil/carlos-antonio-maldonado-araico-araico-realty-group/'}]",Inmediato,2022-06-23,,,True,True,True,False,2685,32.4906064248,-117.032861699,Scripto TOKAI JMP,"Obsidiana 6050, Tijuana, Baja California",El Rubí,['https://d1qt0l5rwmztsk.cloudfront.net/media/20170111_1159541485144939_building_thumbnail.jpg'],Tijuana,Existente,True,True,1,scripto-tokai-jmp-tijuana-tij,True,Carlos Antonio Maldonado Araico ,[]
1,3042,,,3495.84862749689,False,True,,,,,['https://solili.s3.amazonaws.com/media/PI-1076_1587765949.jpg'],"['https://d1qt0l5rwmztsk.cloudfront.net/media/PI-1076_thumbnail_1587765949.jpg', 'https://solili.s3.amazonaws.com/media/PI-1076_thumbnail_1587765949.jpg']","https://maps.googleapis.com/maps/api/staticmap?center=32.4878770163,-116.904752451&zoom=15&scale=false&size=600x400&maptype=roadmap&format=png&style=feature:all|element:all|visibility:simplified&visual_refresh=true&markers=icon:https://s3-us-west-2.amazonaws.com/solili/static/assets/img/maps/point-marker-black_20x20.png|32.4878770163,-116.904752451&key=AIzaSyC8dEOt7Qx6gIEnnxWuImXd5ALEUTBp85w",,EN VENTA,"[{'id': 649, 'name': 'Octavio MacFarland', 'professional_photo': 'https://solili.s3.amazonaws.com/static/upgrade/src/img/utils/default_photo.png', 'company': 'NAI Mexico', 'phone': '(+1) 619 690 3029', 'confirmed': True, 'directory_url': '/perfil/octavio-macfarland-nai-mexico/'}]",Inmediato,2022-06-23,,,True,True,True,False,1076,32.4878770163,-116.904752451,UGCOM Facility,"Hacienda del Colorado S/N, Tijuana, Baja California",Parque Industrial Presidentes,['https://d1qt0l5rwmztsk.cloudfront.net/media/PI-1076_thumbnail_1587765949.jpg'],Tijuana,Existente,False,True,1,ugcom-facility-tijuana-tij,True,Octavio MacFarland,[]
2,999,,,750.006270955443,False,True,,USD,53.14,USD,['https://solili.s3.amazonaws.com/media/PI-17497_1541054924.jpg'],['https://d1qt0l5rwmztsk.cloudfront.net/media/PI-17497_thumbnail_1541054924.jpg'],"https://maps.googleapis.com/maps/api/staticmap?center=31.875223,-116.61799&zoom=15&scale=false&size=600x400&maptype=roadmap&format=png&style=feature:all|element:all|visibility:simplified&visual_refresh=true&markers=icon:https://s3-us-west-2.amazonaws.com/solili/static/assets/img/maps/point-marker-black_20x20.png|31.875223,-116.61799&key=AIzaSyC8dEOt7Qx6gIEnnxWuImXd5ALEUTBp85w",,,"[{'id': 1244, 'name': 'Francisco Henry Garcia ', 'professional_photo': 'https://solili.s3.amazonaws.com/media/corporate_picture_1244_20210113183359.jpg', 'company': 'RE/MAX HG Platinum', 'phone': '(+52) 686 6865685454', 'confirmed': True, 'directory_url': '/perfil/francisco-henry-garcia-remax/'}, {'id': 1245, 'name': 'Nahomy Soliz Arias Lelevier ', 'professional_photo': 'https://solili.s3.amazonaws.com/static/upgrade/src/img/utils/default_photo.png', 'company': 'RE/MAX HG Platinum', 'phone': '(+52) 686 6865685454', 'confirmed': True, 'directory_url': '/perfil/nahomy-soliz-arias-lelevier-remax/'}]",Inmediato,2021-05-04,,,True,False,False,False,17497,31.875223,-116.61799,Granero de Mexicali,"Av. Riveroll , Ensenada, Baja California",Fuera de parque,['https://d1qt0l5rwmztsk.cloudfront.net/media/PI-17497_thumbnail_1541054924.jpg'],Ensenada,Existente,False,True,1,granero-de-mexicali-ensenada-ens,True,Francisco Henry Garcia ,[]
3,944,,,499.911277593365,True,True,3.0138948,USD,,,['https://solili.s3.amazonaws.com/media/PI-16726_1537985145.jpg'],['https://d1qt0l5rwmztsk.cloudfront.net/media/PI-16726_thumbnail_1537985145.jpg'],"https://maps.googleapis.com/maps/api/staticmap?center=32.6670370563,-115.41132614&zoom=15&scale=false&size=600x400&maptype=roadmap&format=png&style=feature:all|element:all|visibility:simplified&visual_refresh=true&markers=icon:https://s3-us-west-2.amazonaws.com/solili/static/assets/img/maps/point-marker-black_20x20.png|32.6670370563,-115.41132614&key=AIzaSyC8dEOt7Qx6gIEnnxWuImXd5ALEUTBp85w",,,"[{'id': 1959, 'name': 'Enrique Fonseca ', 'professional_photo': 'https://solili.s3.amazonaws.com/static/upgrade/src/img/utils/default_photo.png', 'company': 'Productora de agua', 'phone': '(+52) 686 5637186', 'confirmed': True, 'directory_url': '/perfil/enrique-fonseca-productora-de-agua/'}]",Inmediato,2022-06-23,,,True,True,True,False,16726,32.6670370563,-115.41132614,Nave Saturno,"Saturno , Mexicali, Baja California",PIMSA,['https://d1qt0l5rwmztsk.cloudfront.net/media/PI-16726_thumbnail_1537985145.jpg'],Mexicali,Existente,True,True,1,nave-saturno-mexicali-mexi,True,Enrique Fonseca ,[]
4,1000,,,313.08325692058,True,True,6.9965415,USD,1955.34,MXN,['https://solili.s3.amazonaws.com/media/PI-17498_1541055830.jpg'],['https://d1qt0l5rwmztsk.cloudfront.net/media/PI-17498_thumbnail_1541055830.jpg'],"https://maps.googleapis.com/maps/api/staticmap?center=31.778857,-116.591984&zoom=15&scale=false&size=600x400&maptype=roadmap&format=png&style=feature:all|element:all|visibility:simplified&visual_refresh=true&markers=icon:https://s3-us-west-2.amazonaws.com/solili/static/assets/img/maps/point-marker-black_20x20.png|31.778857,-116.591984&key=AIzaSyC8dEOt7Qx6gIEnnxWuImXd5ALEUTBp85w",,,"[{'id': 1243, 'name': 'Eduardo Noriega ', 'professional_photo': 'https://solili.s3.amazonaws.com/static/upgrade/src/img/utils/default_photo.png', 'company': 'RE/MAX', 'phone': '(+52) 646 196 84 91', 'confirmed': True, 'directory_url': '/perfil/eduardo-noriega-remax/'}]",Inmediato,2021-05-04,,,True,False,False,False,17498,31.778857,-116.591984,Bodega Comercial,"Chapultepec , Ensenada, Baja California",Fuera de parque,['https://d1qt0l5rwmztsk.cloudfront.net/media/PI-17498_thumbnail_1541055830.jpg'],Ensenada,Existente,True,True,1,bodega-comercial-ensenada-ens,True,Eduardo Noriega ,[]
5,1002,,,250.002090318481,False,True,,USD,921.59,USD,['https://solili.s3.amazonaws.com/media/PI-17500_1541057223.jpg'],['https://d1qt0l5rwmztsk.cloudfront.net/media/PI-17500_thumbnail_1541057223.jpg'],"https://maps.googleapis.com/maps/api/staticmap?center=31.84702896491946,-116.5944981299553&zoom=15&scale=false&size=600x400&maptype=roadmap&format=png&style=feature:all|element:all|visibility:simplified&visual_refresh=true&markers=icon:https://s3-us-west-2.amazonaws.com/solili/static/assets/img/maps/point-marker-black_20x20.png|31.84702896491946,-116.5944981299553&key=AIzaSyC8dEOt7Qx6gIEnnxWuImXd5ALEUTBp85w",,,"[{'id': 1246, 'name': 'Ricardo Bolio Madrigal ', 'professional_photo': 'https://solili.s3.amazonaws.com/media/corporate_picture_1246_20210602120502.jpg', 'company': 'RE/MAX instantips', 'phone': '(+52) 646 646-177-2314', 'confirmed': True, 'directory_url': '/perfil/ricardo-bolio-madrigal-remax/'}]",Inmediato,2021-05-04,,,True,False,False,False,17500,31.84702896491946,-116.5944981299553,Nave Valle Dorado,"Rio Suchiate , Ensenada, Baja California",Fuera de parque,['https://d1qt0l5rwmztsk.cloudfront.net/media/PI-17500_thumbnail_1541057223.jpg'],Ensenada,Existente,False,True,1,nave-valle-dorado-ensenada-ens,True,Ricardo Bolio Madrigal ,[]
6,2174,,492.0,2733.0,True,True,127.52,MXN,59712000.0,MXN,"['https://solili.s3.amazonaws.com/media/PI-21709_1597092798.jpg', 'https://solili.s3.amazonaws.com/media/PI-21709_1597092961.jpg', 'https://solili.s3.amazonaws.com/media/PI-21709_1597092604.jpg']","['https://d1qt0l5rwmztsk.cloudfront.net/media/PI-21709_thumbnail_1597092798.jpg', 'https://solili.s3.amazonaws.com/media/PI-21709_thumbnail_1597092798.jpg', 'https://solili.s3.amazonaws.com/media/PI-21709_thumbnail_1597092961.jpg', 'https://solili.s3.amazonaws.com/media/PI-21709_thumbnail_1597092604.jpg']","https://maps.googleapis.com/maps/api/staticmap?center=28.6382883085,-106.019495327&zoom=15&scale=false&size=600x400&maptype=roadmap&format=png&style=feature:all|element:all|visibility:simplified&visual_refresh=true&markers=icon:https://s3-us-west-2.amazonaws.com/solili/static/assets/img/maps/point-marker-black_20x20.png|28.6382883085,-106.019495327&key=AIzaSyC8dEOt7Qx6gIEnnxWuImXd5ALEUTBp85w",,,"[{'id': 4224, 'name': 'Bono Arzate ', 'professional_photo': 'https://solili.s3.amazonaws.com/static/upgrade/src/img/utils/default_photo.png', 'company': 'Propiedad 360', 'phone': '(+52) 614 394 9440', 'confirmed': True, 'directory_url': '/perfil/bono-arzate-propiedad-360/'}]",Inmediato,2022-06-17,,,True,True,True,False,21709,28.6382883085,-106.019495327,Juan Pablo II,"Industrial Juárez , Chihuahua, Chihuahua",Fuera de Parque,['https://d1qt0l5rwmztsk.cloudfront.net/media/PI-21709_thumbnail_1597092798.jpg'],Chihuahua,Existente,True,True,1,juan-pablo-ii-chihuahua-chi,True,Bono Arzate ,[]
7,2177,,,20264.0,True,True,95.24,MXN,250000000.0,MXN,"['https://solili.s3.amazonaws.com/media/PI-21300_1597158921.jpg', 'https://solili.s3.amazonaws.com/media/PI-21300_1597159016.jpg', 'https://solili.s3.amazonaws.com/media/PI-21300_1597158778.jpg']","['https://d1qt0l5rwmztsk.cloudfront.net/media/PI-21300_thumbnail_1597158921.jpg', 'https://solili.s3.amazonaws.com/media/PI-21300_thumbnail_1597158921.jpg', 'https://solili.s3.amazonaws.com/media/PI-21300_thumbnail_1597159016.jpg', 'https://solili.s3.amazonaws.com/media/PI-21300_thumbnail_1597158778.jpg']","https://maps.googleapis.com/maps/api/staticmap?center=28.7178257613,-106.118255786&zoom=15&scale=false&size=600x400&maptype=roadmap&format=png&style=feature:all|element:all|visibility:simplified&visual_refresh=true&markers=icon:https://s3-us-west-2.amazonaws.com/solili/static/assets/img/maps/point-marker-black_20x20.png|28.7178257613,-106.118255786&key=AIzaSyC8dEOt7Qx6gIEnnxWuImXd5ALEUTBp85w",,,"[{'id': 4224, 'name': 'Bono Arzate ', 'professional_photo': 'https://solili.s3.amazonaws.com/static/upgrade/src/img/utils/default_photo.png', 'company': 'Propiedad 360', 'phone': '(+52) 614 394 9440', 'confirmed': True, 'directory_url': '/perfil/bono-arzate-propiedad-360/'}]",Inmediato,2022-07-21,,,True,True,True,False,21300,28.7178257613,-106.118255786,Oxxo Cedis,"Av. Nicolas Gogol , Chihuahua, Chihuahua",Chihuahua Industrial Complex,['https://d1qt0l5rwmztsk.cloudfront.net/media/PI-21300_thumbnail_1597158921.jpg'],Chihuahua,Existente,True,True,1,oxxo-cedis-chihuahua-chi,True,Bono Arzate ,[]
8,2197,,,2270.0,False,True,,,13567089.0,MXN,"['https://solili.s3.amazonaws.com/media/PI-21714_1597332947.jpg', 'https://solili.s3.amazonaws.com/media/PI-21714_1597333785.jpg', 'https://solili.s3.amazonaws.com/media/PI-21714_1597333394.jpg', 'https://solili.s3.amazonaws.com/media/PI-21714_1597333020.jpg']","['https://d1qt0l5rwmztsk.cloudfront.net/media/PI-21714_thumbnail_1597332947.jpg', 'https://solili.s3.amazonaws.com/media/PI-21714_thumbnail_1597332947.jpg', 'https://solili.s3.amazonaws.com/media/PI-21714_thumbnail_1597333785.jpg', 'https://solili.s3.amazonaws.com/media/PI-21714_thumbnail_1597333394.jpg', 'https://solili.s3.amazonaws.com/media/PI-21714_thumbnail_1597333020.jpg']","https://maps.googleapis.com/maps/api/staticmap?center=28.6361456874,-106.021040552&zoom=15&scale=false&size=600x400&maptype=roadmap&format=png&style=feature:all|element:all|visibility:simplified&visual_refresh=true&markers=icon:https://s3-us-west-2.amazonaws.com/solili/static/assets/img/maps/point-marker-black_20x20.png|28.6361456874,-106.021040552&key=AIzaSyC8dEOt7Qx6gIEnnxWuImXd5ALEUTBp85w",,,"[{'id': 4224, 'name': 'Bono Arzate ', 'professional_photo': 'https://solili.s3.amazonaws.com/static/upgrade/src/img/utils/default_photo.png', 'company': 'Propiedad 360', 'phone': '(+52) 614 394 9440', 'confirmed': True, 'directory_url': '/perfil/bono-arzate-propiedad-360/'}]",Inmediato,2022-06-17,,,True,True,True,False,21714,28.6361456874,-106.021040552,Nave Industrial 10,"Industrial 10 , Chihuahua, Chihuahua",Fuera de Parque,['https://d1qt0l5rwmztsk.cloudfront.net/media/PI-21714_thumbnail_1597332947.jpg'],Chihuahua,Existente,False,True,1,nave-industrial-10-chihuahua-chi,True,Bono Arzate ,[]
9,2198,,,2282.0,True,True,51.71,MXN,13000000.0,MXN,"['https://solili.s3.amazonaws.com/media/PI-28252_1597336313.jpg', 'https://solili.s3.amazonaws.com/media/PI-28252_1597335863.jpg']","['https://d1qt0l5rwmztsk.cloudfront.net/media/PI-28252_thumbnail_1597336313.jpg', 'https://solili.s3.amazonaws.com/media/PI-28252_thumbnail_1597336313.jpg', 'https://solili.s3.amazonaws.com/media/PI-28252_thumbnail_1597335863.jpg']","https://maps.googleapis.com/maps/api/staticmap?center=28.645676,-106.010253&zoom=15&scale=false&size=600x400&maptype=roadmap&format=png&style=feature:all|element:all|visibility:simplified&visual_refresh=true&markers=icon:https://s3-us-west-2.amazonaws.com/solili/static/assets/img/maps/point-marker-black_20x20.png|28.645676,-106.010253&key=AIzaSyC8dEOt7Qx6gIEnnxWuImXd5ALEUTBp85w",,,"[{'id': 4224, 'name': 'Bono Arzate ', 'professional_photo': 'https://solili.s3.amazonaws.com/static/upgrade/src/img/utils/default_photo.png', 'company': 'Propiedad 360', 'phone': '(+52) 614 394 9440', 'confirmed': True, 'directory_url': '/perfil/bono-arzate-propiedad-360/'}]",Inmediato,2022-06-17,,,True,True,True,False,28252,28.645676,-106.010253,Bodega 17a,"Decimoséptima , Chihuahua, Chihuahua",Fuera de Parque,['https://d1qt0l5rwmztsk.cloudfront.net/media/PI-28252_thumbnail_1597336313.jpg'],Chihuahua,Existente,True,True,1,bodega-17a-chihuahua-chi,True,Bono Arzate ,[]
10,3201,,,5496.8872835243,False,True,,,853.48,,['https://solili.s3.amazonaws.com/media/PI-20637_1648835340.jpg'],['https://d1qt0l5rwmztsk.cloudfront.net/media/PI-20637_thumbnail_1648835340.jpg'],"https://maps.googleapis.com/maps/api/staticmap?center=31.7063416509,-106.399732523&zoom=15&scale=false&size=600x400&maptype=roadmap&format=png&style=feature:all|element:all|visibility:simplified&visual_refresh=true&markers=icon:https://s3-us-west-2.amazonaws.com/solili/static/assets/img/maps/point-marker-black_20x20.png|31.7063416509,-106.399732523&key=AIzaSyC8dEOt7Qx6gIEnnxWuImXd5ALEUTBp85w",,,"[{'id': 1900, 'name': 'Rafael de la Madrid ', 'professional_photo': 'https://solili.s3.amazonaws.com/static/upgrade/src/img/utils/default_photo.png', 'company': 'Newmark Knight Frank', 'phone': '(+52) 55 59802000', 'confirmed': True, 'directory_url': '/perfil/rafael-de-la-madrid-newmark-knight-frank/'}]",Inmediato,2022-06-17,,,True,True,True,False,20637,31.7063416509,-106.399732523,Osrman III,"Joule , Municipio de Juárez, Chihuahua",Antonio J. Bermudez,['https://d1qt0l5rwmztsk.cloudfront.net/media/PI-20637_thumbnail_1648835340.jpg'],Ciudad Juarez,Existente,False,True,1,osrman-iii-ciudad-juarez-cj,True,Rafael de la Madrid ,[]
11,3202,,,5496.98018656789,False,True,,,853.48,,['https://solili.s3.amazonaws.com/media/PI-20636_1632276928.jpg'],['https://d1qt0l5rwmztsk.cloudfront.net/media/PI-20636_thumbnail_1632276928.jpg'],"https://maps.googleapis.com/maps/api/staticmap?center=31.7069409061,-106.399609111&zoom=15&scale=false&size=600x400&maptype=roadmap&format=png&style=feature:all|element:all|visibility:simplified&visual_refresh=true&markers=icon:https://s3-us-west-2.amazonaws.com/solili/static/assets/img/maps/point-marker-black_20x20.png|31.7069409061,-106.399609111&key=AIzaSyC8dEOt7Qx6gIEnnxWuImXd5ALEUTBp85w",,,"[{'id': 1900, 'name': 'Rafael de la Madrid ', 'professional_photo': 'https://solili.s3.amazonaws.com/static/upgrade/src/img/utils/default_photo.png', 'company': 'Newmark Knight Frank', 'phone': '(+52) 55 59802000', 'confirmed': True, 'directory_url': '/perfil/rafael-de-la-madrid-newmark-knight-frank/'}]",Inmediato,2022-06-17,,,True,True,True,False,20636,31.7069409061,-106.399609111,Osrman II,"Joule , Municipio de Juárez, Chihuahua",Antonio J. Bermudez,['https://d1qt0l5rwmztsk.cloudfront.net/media/PI-20636_thumbnail_1632276928.jpg'],Ciudad Juarez,Existente,False,True,1,osrman-ii-ciudad-juarez-cj,True,Rafael de la Madrid ,[]
12,1328,,,9963.01529834419,True,True,,USD,475.21,MXN,['https://solili.s3.amazonaws.com/media/PI-18623_1562274417.jpg'],"['https://d1qt0l5rwmztsk.cloudfront.net/media/PI-18623_thumbnail_1562274417.jpg', 'https://solili.s3.amazonaws.com/media/PI-18623_thumbnail_1562274417.jpg']","https://maps.googleapis.com/maps/api/staticmap?center=25.549869,-100.946701&zoom=15&scale=false&size=600x400&maptype=roadmap&format=png&style=feature:all|element:all|visibility:simplified&visual_refresh=true&markers=icon:https://s3-us-west-2.amazonaws.com/solili/static/assets/img/maps/point-marker-black_20x20.png|25.549869,-100.946701&key=AIzaSyC8dEOt7Qx6gIEnnxWuImXd5ALEUTBp85w",,,"[{'id': 1605, 'name': 'Sergio Resendez ', 'professional_photo': 'https://solili.s3.amazonaws.com/media/corporate_picture_1605_20190821092954.jpg', 'company': 'Colliers', 'phone': '(+52) 81 4160 1200', 'confirmed': True, 'directory_url': '/perfil/sergio-resendez-colliers/'}, {'id': 3454, 'name': 'Mario Manzanilla ', 'professional_photo': 'https://solili.s3.amazonaws.com/static/upgrade/src/img/utils/default_photo.png', 'company': 'Colliers', 'phone': '(+52) 81 4160 1218', 'confirmed': True, 'directory_url': '/perfil/mario-manzanilla-colliers/'}]",Inmediato,2022-07-20,,,True,True,True,False,18623,25.549869,-100.946701,Teva Building,"Blvd. Gustavo Díaz Ordaz , Ramos Arizpe, Coahuila de Zaragoza",Fuera de parque,['https://d1qt0l5rwmztsk.cloudfront.net/media/PI-18623_thumbnail_1562274417.jpg'],Saltillo,Existente,True,True,1,teva-building-saltillo-sal,True,Sergio Resendez ,[]
13,2961,,,8749.99976774239,True,True,3.5520903,USD,411.42,USD,"['https://solili.s3.amazonaws.com/media/SI-2961_1635185958.jpg', 'https://solili.s3.amazonaws.com/media/SI-2961_1635185926.jpg', 'https://solili.s3.amazonaws.com/media/SI-2961_1635185894.jpg']","['https://solili.s3.amazonaws.com/media/SI-2961_thumbnail_1635185958.jpg', 'https://solili.s3.amazonaws.com/media/SI-2961_thumbnail_1635185926.jpg', 'https://solili.s3.amazonaws.com/media/SI-2961_thumbnail_1635185894.jpg']","https://maps.googleapis.com/maps/api/staticmap?center=25.559909,-100.943609&zoom=15&scale=false&size=600x400&maptype=roadmap&format=png&style=feature:all|element:all|visibility:simplified&visual_refresh=true&markers=icon:https://s3-us-west-2.amazonaws.com/solili/static/assets/img/maps/point-marker-black_20x20.png|25.559909,-100.943609&key=AIzaSyC8dEOt7Qx6gIEnnxWuImXd5ALEUTBp85w",,"Nave industrial en calle privada con excelente ubicacion en el parque industrial de Ramos Arizpe, Coah. A 5 minutos de la carr. Monterrey - Saltillo. La nave consta de 8,750 mts2 de construccion y de 633 mts2 de oficinas construidas en 2 niveles. tiene entrada para trailer, caseta de vigilancia, rampas, patio de maniobras, recepcion, baños para hombres y mujeres en area de oficinas y en la nave. Ideal para cualquier tipo de uso industrial. Estátus jurídico: Libre de gravamen.

Area Total: 28,000 m2
Area Nave: 8750 m2
Area Oficinas: 633 m2
Area Comedor: 108 m2
Area de Vestidor: 165 m2
Area Vigilancia: 31.20 m2
Alumbrado Nave: 122 Luminaria AP-1440-62 Prismática, 400 watts aditivos metálicos
Rampas: 1 rampa y 3 cortinas
Electricidad: Subestación de 750 KVA
Servicios: 
Línea de Aire
Línea de Agua
Drenaje
Teléfono
Estacionamiento
Almacén de Materiales Peligrosos","[{'id': 12243, 'name': 'Alfredo Lopez', 'professional_photo': 'https://solili.s3.amazonaws.com/static/upgrade/src/img/utils/default_photo.png', 'company': 'Lopez', 'phone': '(+52) 844 1606 371', 'confirmed': False, 'directory_url': '/perfil/None/'}]",Inmediato,2022-07-19,,,True,False,True,False,18638,25.559909,-100.943609,Nave II Amistad Ramos Arizpe,"José María Morelos , Ramos Arizpe, Coahuila de Zaragoza",Amistad Ramos Arizpe Industrial Park,['https://d1qt0l5rwmztsk.cloudfront.net/media/PI-18638_thumbnail_1635186021.jpg'],Saltillo,Existente,True,True,1,nave-ii-amistad-ramos-arizpe-saltillo-sal,True,Alfredo Lopez,[]
14,1833,,,1400.0,False,True,,,14286.0,MXN,['https://solili.s3.amazonaws.com/media/PI-26669_1583524270.jpg'],['https://d1qt0l5rwmztsk.cloudfront.net/media/PI-26669_thumbnail_1583524270.jpg'],"https://maps.googleapis.com/maps/api/staticmap?center=19.459182,-99.170797&zoom=15&scale=false&size=600x400&maptype=roadmap&format=png&style=feature:all|element:all|visibility:simplified&visual_refresh=true&markers=icon:https://s3-us-west-2.amazonaws.com/solili/static/assets/img/maps/point-marker-black_20x20.png|19.459182,-99.170797&key=AIzaSyC8dEOt7Qx6gIEnnxWuImXd5ALEUTBp85w",,"Precio de salida: $20,000,000 mxn","[{'id': 3204, 'name': 'Miled López ', 'professional_photo': 'https://solili.s3.amazonaws.com/media/corporate_picture_3204_20220304141440.jpg', 'company': 'Colliers', 'phone': '(+52) 55 55 5209 3655', 'confirmed': True, 'directory_url': '/perfil/miled-lopez-colliers/'}, {'id': 3607, 'name': 'Juan Carlos Solano ', 'professional_photo': 'https://solili.s3.amazonaws.com/static/upgrade/src/img/utils/default_photo.png', 'company': 'Colliers', 'phone': '(+52) 55 59852218', 'confirmed': True, 'directory_url': '/perfil/juan-carlos-solano-colliers/'}]",Inmediato,2022-07-18,,,True,True,True,False,26669,19.459182,-99.170797,Poniente 44,"Pte. 44 2702, Azcapotzalco, Ciudad de México",Fuera de Parque,['https://d1qt0l5rwmztsk.cloudfront.net/media/PI-26669_thumbnail_1583524270.jpg'],Área Metropolitana de Ciudad de México,Existente,False,True,1,poniente-44-ciudad-de-mexico-cdmx,True,Miled López ,[]
15,3159,,5500.0,13666.34,True,True,200.0,MXN,1500.0,USD,"['https://solili.s3.amazonaws.com/media/PI-30230_1646953677.jpg', 'https://solili.s3.amazonaws.com/media/PI-30230_1646953567.jpg']","['https://d1qt0l5rwmztsk.cloudfront.net/media/PI-30230_thumbnail_1646953677.jpg', 'https://solili.s3.amazonaws.com/media/PI-30230_thumbnail_1646953567.jpg']","https://maps.googleapis.com/maps/api/staticmap?center=19.460905,-99.177278&zoom=15&scale=false&size=600x400&maptype=roadmap&format=png&style=feature:all|element:all|visibility:simplified&visual_refresh=true&markers=icon:https://s3-us-west-2.amazonaws.com/solili/static/assets/img/maps/point-marker-black_20x20.png|19.460905,-99.177278&key=AIzaSyC8dEOt7Qx6gIEnnxWuImXd5ALEUTBp85w",,Puede ser proyecto a medida pues el inquilino anterior desmantelo algunas secciones de la bodega,"[{'id': 1839, 'name': 'Mauro Carmona ', 'professional_photo': 'https://solili.s3.amazonaws.com/media/corporate_picture_1839_20220118162629.jpg', 'company': 'Grupo Inmobiliario JYSA', 'phone': '(+52) 55 5530362945', 'confirmed': True, 'directory_url': '/perfil/mauro-carmona-grupo-inmobiliario-jysa/'}]",Inmediato,2022-07-18,,,True,True,True,False,30230,19.460905,-99.177278,Bodega Cuitláhuac Park,"Av. Cuitláhuac 2519, Azcapotzalco, Ciudad de México",Zona Industrial Atlampa-Santa María,['https://d1qt0l5rwmztsk.cloudfront.net/media/PI-30230_thumbnail_1646953677.jpg'],Área Metropolitana de Ciudad de México,Existente,True,True,1,bodega-cuitlahuac-park-ciudad-de-mexico-cdmx,True,Mauro Carmona ,[]
16,1891,,210.0,3360.0,False,True,,,12500.0,MXN,"['https://solili.s3.amazonaws.com/media/PI-26703_1588172879.jpg', 'https://solili.s3.amazonaws.com/media/PI-26703_1588173035.jpg']","['https://d1qt0l5rwmztsk.cloudfront.net/media/PI-26703_thumbnail_1588172879.jpg', 'https://solili.s3.amazonaws.com/media/PI-26703_thumbnail_1588172879.jpg', 'https://solili.s3.amazonaws.com/media/PI-26703_thumbnail_1588173035.jpg']","https://maps.googleapis.com/maps/api/staticmap?center=20.60720783002802,-101.24970412892236&zoom=15&scale=false&size=600x400&maptype=roadmap&format=png&style=feature:all|element:all|visibility:simplified&visual_refresh=true&markers=icon:https://s3-us-west-2.amazonaws.com/solili/static/assets/img/maps/point-marker-black_20x20.png|20.60720783002802,-101.24970412892236&key=AIzaSyC8dEOt7Qx6gIEnnxWuImXd5ALEUTBp85w",,,"[{'id': 2516, 'name': 'Hector Corona ', 'professional_photo': 'https://solili.s3.amazonaws.com/static/upgrade/src/img/utils/default_photo.png', 'company': 'Keller Williams', 'phone': '(+52) 442 333 2388', 'confirmed': True, 'directory_url': '/perfil/hector-corona-keller-williams/'}, {'id': 3644, 'name': 'Antonio Nuño ', 'professional_photo': 'https://solili.s3.amazonaws.com/static/upgrade/src/img/utils/default_photo.png', 'company': 'Keller Williams', 'phone': '(+52) 442 239 4724', 'confirmed': True, 'directory_url': '/perfil/antonio-nuno-keller-williams/'}]",Inmediato,2022-06-27,,,True,True,True,False,26703,20.60720783002802,-101.24970412892236,Nave A,"Carretera Irapuato-Salamanca S/N, Salamanca, Guanajuato",Sakura Park,['https://d1qt0l5rwmztsk.cloudfront.net/media/PI-26703_thumbnail_1588172879.jpg'],Guanajuato,Planeado,False,True,1,nave-a-guanajuato-gto,True,Hector Corona ,[]
17,1892,,250.0,1250.0,False,True,,,12500.0,MXN,"['https://solili.s3.amazonaws.com/media/PI-26704_1588174095.jpg', 'https://solili.s3.amazonaws.com/media/PI-26704_1588174111.jpg']","['https://d1qt0l5rwmztsk.cloudfront.net/media/PI-26704_thumbnail_1588174095.jpg', 'https://solili.s3.amazonaws.com/media/PI-26704_thumbnail_1588174095.jpg', 'https://solili.s3.amazonaws.com/media/PI-26704_thumbnail_1588174111.jpg']","https://maps.googleapis.com/maps/api/staticmap?center=20.606506225921738,-101.24978582372574&zoom=15&scale=false&size=600x400&maptype=roadmap&format=png&style=feature:all|element:all|visibility:simplified&visual_refresh=true&markers=icon:https://s3-us-west-2.amazonaws.com/solili/static/assets/img/maps/point-marker-black_20x20.png|20.606506225921738,-101.24978582372574&key=AIzaSyC8dEOt7Qx6gIEnnxWuImXd5ALEUTBp85w",,,"[{'id': 2516, 'name': 'Hector Corona ', 'professional_photo': 'https://solili.s3.amazonaws.com/static/upgrade/src/img/utils/default_photo.png', 'company': 'Keller Williams', 'phone': '(+52) 442 333 2388', 'confirmed': True, 'directory_url': '/perfil/hector-corona-keller-williams/'}, {'id': 3644, 'name': 'Antonio Nuño ', 'professional_photo': 'https://solili.s3.amazonaws.com/static/upgrade/src/img/utils/default_photo.png', 'company': 'Keller Williams', 'phone': '(+52) 442 239 4724', 'confirmed': True, 'directory_url': '/perfil/antonio-nuno-keller-williams/'}]",Inmediato,2022-06-27,,,True,True,True,False,26704,20.606506225921738,-101.24978582372574,Nave B,"Carretera Irapuato-Salamanca S/N, Salamanca, Guanajuato",Sakura Park,['https://d1qt0l5rwmztsk.cloudfront.net/media/PI-26704_thumbnail_1588174095.jpg'],Guanajuato,Planeado,False,True,1,nave-b-guanajuato-gto,True,Hector Corona ,[]
18,1893,,250.0,3000.0,False,True,,,12500.0,MXN,"['https://solili.s3.amazonaws.com/media/PI-26705_1588176061.jpg', 'https://solili.s3.amazonaws.com/media/PI-26705_1588176079.jpg']","['https://d1qt0l5rwmztsk.cloudfront.net/media/PI-26705_thumbnail_1588176061.jpg', 'https://solili.s3.amazonaws.com/media/PI-26705_thumbnail_1588176061.jpg', 'https://solili.s3.amazonaws.com/media/PI-26705_thumbnail_1588176079.jpg']","https://maps.googleapis.com/maps/api/staticmap?center=20.605811861147384,-101.25004849123908&zoom=15&scale=false&size=600x400&maptype=roadmap&format=png&style=feature:all|element:all|visibility:simplified&visual_refresh=true&markers=icon:https://s3-us-west-2.amazonaws.com/solili/static/assets/img/maps/point-marker-black_20x20.png|20.605811861147384,-101.25004849123908&key=AIzaSyC8dEOt7Qx6gIEnnxWuImXd5ALEUTBp85w",,,"[{'id': 2516, 'name': 'Hector Corona ', 'professional_photo': 'https://solili.s3.amazonaws.com/static/upgrade/src/img/utils/default_photo.png', 'company': 'Keller Williams', 'phone': '(+52) 442 333 2388', 'confirmed': True, 'directory_url': '/perfil/hector-corona-keller-williams/'}, {'id': 3644, 'name': 'Antonio Nuño ', 'professional_photo': 'https://solili.s3.amazonaws.com/static/upgrade/src/img/utils/default_photo.png', 'company': 'Keller Williams', 'phone': '(+52) 442 239 4724', 'confirmed': True, 'directory_url': '/perfil/antonio-nuno-keller-williams/'}]",Inmediato,2022-06-27,,,True,True,True,False,26705,20.605811861147384,-101.25004849123908,Nave C,"Carretera Irapuato-Salamanca S/N, Salamanca, Guanajuato",Sakura Park,['https://d1qt0l5rwmztsk.cloudfront.net/media/PI-26705_thumbnail_1588176061.jpg'],Guanajuato,Planeado,False,True,1,nave-c-guanajuato-gto,True,Hector Corona ,[]
19,1894,,250.0,8500.0,False,True,,,12500.0,MXN,"['https://solili.s3.amazonaws.com/media/PI-26706_1588176549.jpg', 'https://solili.s3.amazonaws.com/media/PI-26706_1588176563.jpg']","['https://d1qt0l5rwmztsk.cloudfront.net/media/PI-26706_thumbnail_1588176549.jpg', 'https://solili.s3.amazonaws.com/media/PI-26706_thumbnail_1588176549.jpg', 'https://solili.s3.amazonaws.com/media/PI-26706_thumbnail_1588176563.jpg']","https://maps.googleapis.com/maps/api/staticmap?center=20.606962904157704,-101.24886282986215&zoom=15&scale=false&size=600x400&maptype=roadmap&format=png&style=feature:all|element:all|visibility:simplified&visual_refresh=true&markers=icon:https://s3-us-west-2.amazonaws.com/solili/static/assets/img/maps/point-marker-black_20x20.png|20.606962904157704,-101.24886282986215&key=AIzaSyC8dEOt7Qx6gIEnnxWuImXd5ALEUTBp85w",,,"[{'id': 2516, 'name': 'Hector Corona ', 'professional_photo': 'https://solili.s3.amazonaws.com/static/upgrade/src/img/utils/default_photo.png', 'company': 'Keller Williams', 'phone': '(+52) 442 333 2388', 'confirmed': True, 'directory_url': '/perfil/hector-corona-keller-williams/'}, {'id': 3644, 'name': 'Antonio Nuño ', 'professional_photo': 'https://solili.s3.amazonaws.com/static/upgrade/src/img/utils/default_photo.png', 'company': 'Keller Williams', 'phone': '(+52) 442 239 4724', 'confirmed': True, 'directory_url': '/perfil/antonio-nuno-keller-williams/'}]",Inmediato,2022-06-27,,,True,True,True,False,26706,20.606962904157704,-101.24886282986216,Nave D,"Carretera Irapuato-Salamanca S/N, Salamanca, Guanajuato",Sakura Park,['https://d1qt0l5rwmztsk.cloudfront.net/media/PI-26706_thumbnail_1588176549.jpg'],Guanajuato,Planeado,False,True,1,nave-d-guanajuato-gto,True,Hector Corona ,[]
20,1895,,210.0,3360.0,False,True,,,12500.0,MXN,"['https://solili.s3.amazonaws.com/media/PI-26707_1588178221.jpg', 'https://solili.s3.amazonaws.com/media/PI-26707_1588178236.jpg']","['https://d1qt0l5rwmztsk.cloudfront.net/media/PI-26707_thumbnail_1588178221.jpg', 'https://solili.s3.amazonaws.com/media/PI-26707_thumbnail_1588178221.jpg', 'https://solili.s3.amazonaws.com/media/PI-26707_thumbnail_1588178236.jpg']","https://maps.googleapis.com/maps/api/staticmap?center=20.606734602738342,-101.2491324864302&zoom=15&scale=false&size=600x400&maptype=roadmap&format=png&style=feature:all|element:all|visibility:simplified&visual_refresh=true&markers=icon:https://s3-us-west-2.amazonaws.com/solili/static/assets/img/maps/point-marker-black_20x20.png|20.606734602738342,-101.2491324864302&key=AIzaSyC8dEOt7Qx6gIEnnxWuImXd5ALEUTBp85w",,,"[{'id': 2516, 'name': 'Hector Corona ', 'professional_photo': 'https://solili.s3.amazonaws.com/static/upgrade/src/img/utils/default_photo.png', 'company': 'Keller Williams', 'phone': '(+52) 442 333 2388', 'confirmed': True, 'directory_url': '/perfil/hector-corona-keller-williams/'}, {'id': 3644, 'name': 'Antonio Nuño ', 'professional_photo': 'https://solili.s3.amazonaws.com/static/upgrade/src/img/utils/default_photo.png', 'company': 'Keller Williams', 'phone': '(+52) 442 239 4724', 'confirmed': True, 'directory_url': '/perfil/antonio-nuno-keller-williams/'}]",Inmediato,2022-06-27,,,True,True,True,False,26707,20.606734602738342,-101.2491324864302,Nave E,"Carretera Irapuato-Salamanca S/N, Salamanca, Guanajuato",Sakura Park,['https://d1qt0l5rwmztsk.cloudfront.net/media/PI-26707_thumbnail_1588178221.jpg'],Guanajuato,Planeado,False,True,1,nave-e-guanajuato-gto,True,Hector Corona ,[]
21,1896,,150.0,2400.0,False,True,,,12500.0,MXN,"['https://solili.s3.amazonaws.com/media/PI-26708_1588180040.jpg', 'https://solili.s3.amazonaws.com/media/PI-26708_1588180055.jpg']","['https://d1qt0l5rwmztsk.cloudfront.net/media/PI-26708_thumbnail_1588180040.jpg', 'https://solili.s3.amazonaws.com/media/PI-26708_thumbnail_1588180040.jpg', 'https://solili.s3.amazonaws.com/media/PI-26708_thumbnail_1588180055.jpg']","https://maps.googleapis.com/maps/api/staticmap?center=20.60641387948631,-101.24922947056106&zoom=15&scale=false&size=600x400&maptype=roadmap&format=png&style=feature:all|element:all|visibility:simplified&visual_refresh=true&markers=icon:https://s3-us-west-2.amazonaws.com/solili/static/assets/img/maps/point-marker-black_20x20.png|20.60641387948631,-101.24922947056106&key=AIzaSyC8dEOt7Qx6gIEnnxWuImXd5ALEUTBp85w",,,"[{'id': 2516, 'name': 'Hector Corona ', 'professional_photo': 'https://solili.s3.amazonaws.com/static/upgrade/src/img/utils/default_photo.png', 'company': 'Keller Williams', 'phone': '(+52) 442 333 2388', 'confirmed': True, 'directory_url': '/perfil/hector-corona-keller-williams/'}, {'id': 3644, 'name': 'Antonio Nuño ', 'professional_photo': 'https://solili.s3.amazonaws.com/static/upgrade/src/img/utils/default_photo.png', 'company': 'Keller Williams', 'phone': '(+52) 442 239 4724', 'confirmed': True, 'directory_url': '/perfil/antonio-nuno-keller-williams/'}]",Inmediato,2022-06-27,,,True,True,True,False,26708,20.60641387948631,-101.24922947056106,Nave F,"Carretera Irapuato-Salamanca S/N, Salamanca, Guanajuato",Sakura Park,['https://d1qt0l5rwmztsk.cloudfront.net/media/PI-26708_thumbnail_1588180040.jpg'],Guanajuato,Planeado,False,True,1,nave-f-guanajuato-gto,True,Hector Corona ,[]
22,1897,,210.0,840.0,False,True,,,12500.0,MXN,"['https://solili.s3.amazonaws.com/media/PI-26709_1588182548.jpg', 'https://solili.s3.amazonaws.com/media/PI-26709_1588182605.jpg']","['https://d1qt0l5rwmztsk.cloudfront.net/media/PI-26709_thumbnail_1588182548.jpg', 'https://solili.s3.amazonaws.com/media/PI-26709_thumbnail_1588182548.jpg', 'https://solili.s3.amazonaws.com/media/PI-26709_thumbnail_1588182605.jpg']","https://maps.googleapis.com/maps/api/staticmap?center=20.60609579837284,-101.24950852849402&zoom=15&scale=false&size=600x400&maptype=roadmap&format=png&style=feature:all|element:all|visibility:simplified&visual_refresh=true&markers=icon:https://s3-us-west-2.amazonaws.com/solili/static/assets/img/maps/point-marker-black_20x20.png|20.60609579837284,-101.24950852849402&key=AIzaSyC8dEOt7Qx6gIEnnxWuImXd5ALEUTBp85w",,,"[{'id': 2516, 'name': 'Hector Corona ', 'professional_photo': 'https://solili.s3.amazonaws.com/static/upgrade/src/img/utils/default_photo.png', 'company': 'Keller Williams', 'phone': '(+52) 442 333 2388', 'confirmed': True, 'directory_url': '/perfil/hector-corona-keller-williams/'}, {'id': 3644, 'name': 'Antonio Nuño ', 'professional_photo': 'https://solili.s3.amazonaws.com/static/upgrade/src/img/utils/default_photo.png', 'company': 'Keller Williams', 'phone': '(+52) 442 239 4724', 'confirmed': True, 'directory_url': '/perfil/antonio-nuno-keller-williams/'}]",Inmediato,2022-06-27,,,True,True,True,False,26709,20.60609579837284,-101.24950852849402,Nave G,"Carretera Irapuato-Salamanca S/N, Salamanca, Guanajuato",Sakura Park,['https://d1qt0l5rwmztsk.cloudfront.net/media/PI-26709_thumbnail_1588182548.jpg'],Guanajuato,Planeado,False,True,1,nave-g-guanajuato-gto,True,Hector Corona ,[]
23,1898,,1000.0,8000.0,False,True,,,9500.0,MXN,"['https://solili.s3.amazonaws.com/media/PI-26710_1588183598.jpg', 'https://solili.s3.amazonaws.com/media/PI-26710_1588183616.jpg']","['https://d1qt0l5rwmztsk.cloudfront.net/media/PI-26710_thumbnail_1588183598.jpg', 'https://solili.s3.amazonaws.com/media/PI-26710_thumbnail_1588183598.jpg', 'https://solili.s3.amazonaws.com/media/PI-26710_thumbnail_1588183616.jpg']","https://maps.googleapis.com/maps/api/staticmap?center=20.6075636194603,-101.24956493346872&zoom=15&scale=false&size=600x400&maptype=roadmap&format=png&style=feature:all|element:all|visibility:simplified&visual_refresh=true&markers=icon:https://s3-us-west-2.amazonaws.com/solili/static/assets/img/maps/point-marker-black_20x20.png|20.6075636194603,-101.24956493346872&key=AIzaSyC8dEOt7Qx6gIEnnxWuImXd5ALEUTBp85w",,,"[{'id': 2516, 'name': 'Hector Corona ', 'professional_photo': 'https://solili.s3.amazonaws.com/static/upgrade/src/img/utils/default_photo.png', 'company': 'Keller Williams', 'phone': '(+52) 442 333 2388', 'confirmed': True, 'directory_url': '/perfil/hector-corona-keller-williams/'}, {'id': 3644, 'name': 'Antonio Nuño ', 'professional_photo': 'https://solili.s3.amazonaws.com/static/upgrade/src/img/utils/default_photo.png', 'company': 'Keller Williams', 'phone': '(+52) 442 239 4724', 'confirmed': True, 'directory_url': '/perfil/antonio-nuno-keller-williams/'}]",Inmediato,2022-06-27,,,True,True,True,False,26710,20.6075636194603,-101.24956493346872,Nave 5,"Carretera Irapuato-Salamanca S/N, Salamanca, Guanajuato",Sakura Park,['https://d1qt0l5rwmztsk.cloudfront.net/media/PI-26710_thumbnail_1588183598.jpg'],Guanajuato,Planeado,False,True,1,nave-5-guanajuato-gto,True,Hector Corona ,[]
24,1958,,274.03,1370.15,False,True,,,9600.65,MXN,"['https://solili.s3.amazonaws.com/media/PI-26740_1591729654.jpg', 'https://solili.s3.amazonaws.com/media/PI-26740_1591729633.jpg', 'https://solili.s3.amazonaws.com/media/PI-26740_1591729197.jpg', 'https://solili.s3.amazonaws.com/media/PI-26740_1591729111.jpg']","['https://d1qt0l5rwmztsk.cloudfront.net/media/PI-26740_thumbnail_1591729654.jpg', 'https://solili.s3.amazonaws.com/media/PI-26740_thumbnail_1591729654.jpg', 'https://solili.s3.amazonaws.com/media/PI-26740_thumbnail_1591729633.jpg', 'https://solili.s3.amazonaws.com/media/PI-26740_thumbnail_1591729197.jpg', 'https://solili.s3.amazonaws.com/media/PI-26740_thumbnail_1591729111.jpg']","https://maps.googleapis.com/maps/api/staticmap?center=20.5907,-100.503857&zoom=15&scale=false&size=600x400&maptype=roadmap&format=png&style=feature:all|element:all|visibility:simplified&visual_refresh=true&markers=icon:https://s3-us-west-2.amazonaws.com/solili/static/assets/img/maps/point-marker-black_20x20.png|20.5907,-100.503857&key=AIzaSyC8dEOt7Qx6gIEnnxWuImXd5ALEUTBp85w",,,"[{'id': 3701, 'name': 'Ventas Orient Business Park ', 'professional_photo': 'https://solili.s3.amazonaws.com/static/upgrade/src/img/utils/default_photo.png', 'company': 'Orient Business Park', 'phone': '(+52) 442 290 84 05', 'confirmed': True, 'directory_url': '/perfil/ventas-orient-business-park-orient-business-park/'}]",Inmediato,2022-06-17,,,True,True,True,False,26740,20.5907,-100.503857,Módulo H,"Apaseo el Grande S/N, Apaseo el Grande, Guanajuato",Orient Business Park,['https://d1qt0l5rwmztsk.cloudfront.net/media/PI-26740_thumbnail_1591729654.jpg'],Guanajuato,En construcción,False,True,1,modulo-h-guanajuato-gto,True,Ventas Orient Business Park ,[]
25,1959,,274.03,1644.18,False,True,,,9600.65,MXN,"['https://solili.s3.amazonaws.com/media/PI-26741_1591731616.jpg', 'https://solili.s3.amazonaws.com/media/PI-26741_1591731636.jpg', 'https://solili.s3.amazonaws.com/media/PI-26741_1591731598.jpg', 'https://solili.s3.amazonaws.com/media/PI-26741_1591731579.jpg']","['https://d1qt0l5rwmztsk.cloudfront.net/media/PI-26741_thumbnail_1591731616.jpg', 'https://solili.s3.amazonaws.com/media/PI-26741_thumbnail_1591731616.jpg', 'https://solili.s3.amazonaws.com/media/PI-26741_thumbnail_1591731636.jpg', 'https://solili.s3.amazonaws.com/media/PI-26741_thumbnail_1591731598.jpg', 'https://solili.s3.amazonaws.com/media/PI-26741_thumbnail_1591731579.jpg']","https://maps.googleapis.com/maps/api/staticmap?center=20.59073,-100.504619&zoom=15&scale=false&size=600x400&maptype=roadmap&format=png&style=feature:all|element:all|visibility:simplified&visual_refresh=true&markers=icon:https://s3-us-west-2.amazonaws.com/solili/static/assets/img/maps/point-marker-black_20x20.png|20.59073,-100.504619&key=AIzaSyC8dEOt7Qx6gIEnnxWuImXd5ALEUTBp85w",,,"[{'id': 3701, 'name': 'Ventas Orient Business Park ', 'professional_photo': 'https://solili.s3.amazonaws.com/static/upgrade/src/img/utils/default_photo.png', 'company': 'Orient Business Park', 'phone': '(+52) 442 290 84 05', 'confirmed': True, 'directory_url': '/perfil/ventas-orient-business-park-orient-business-park/'}]",Inmediato,2022-06-17,,,True,True,True,False,26741,20.59073,-100.504619,Módulo G,"Apaseo el Grande S/N, Apaseo el Grande, Guanajuato",Orient Business Park,['https://d1qt0l5rwmztsk.cloudfront.net/media/PI-26741_thumbnail_1591731616.jpg'],Guanajuato,En construcción,False,True,1,modulo-g-guanajuato-gto,True,Ventas Orient Business Park ,[]
26,1960,,500.5,9092.55,False,True,,,9700.0,MXN,"['https://solili.s3.amazonaws.com/media/PI-26742_1591742712.jpg', 'https://solili.s3.amazonaws.com/media/PI-26742_1591742969.jpg', 'https://solili.s3.amazonaws.com/media/PI-26742_1591742801.jpg']","['https://d1qt0l5rwmztsk.cloudfront.net/media/PI-26742_thumbnail_1591742712.jpg', 'https://solili.s3.amazonaws.com/media/PI-26742_thumbnail_1591742712.jpg', 'https://solili.s3.amazonaws.com/media/PI-26742_thumbnail_1591742969.jpg', 'https://solili.s3.amazonaws.com/media/PI-26742_thumbnail_1591742801.jpg']","https://maps.googleapis.com/maps/api/staticmap?center=20.591068,-100.500215&zoom=15&scale=false&size=600x400&maptype=roadmap&format=png&style=feature:all|element:all|visibility:simplified&visual_refresh=true&markers=icon:https://s3-us-west-2.amazonaws.com/solili/static/assets/img/maps/point-marker-black_20x20.png|20.591068,-100.500215&key=AIzaSyC8dEOt7Qx6gIEnnxWuImXd5ALEUTBp85w",,,"[{'id': 3701, 'name': 'Ventas Orient Business Park ', 'professional_photo': 'https://solili.s3.amazonaws.com/static/upgrade/src/img/utils/default_photo.png', 'company': 'Orient Business Park', 'phone': '(+52) 442 290 84 05', 'confirmed': True, 'directory_url': '/perfil/ventas-orient-business-park-orient-business-park/'}]",Inmediato,2022-06-17,,,True,True,True,False,26742,20.591068,-100.500215,Módulo B,"Apaseo el Grande S/N, Apaseo el Grande, Guanajuato",Orient Business Park,['https://d1qt0l5rwmztsk.cloudfront.net/media/PI-26742_thumbnail_1591742712.jpg'],Guanajuato,En construcción,False,True,1,modulo-b-guanajuato-gto,True,Ventas Orient Business Park ,[]
27,1961,,345.85,691.7,False,True,,,9700.0,MXN,"['https://solili.s3.amazonaws.com/media/PI-26744_1591804378.jpg', 'https://solili.s3.amazonaws.com/media/PI-26744_1591804426.jpg', 'https://solili.s3.amazonaws.com/media/PI-26744_1591804308.jpg']","['https://d1qt0l5rwmztsk.cloudfront.net/media/PI-26744_thumbnail_1591804378.jpg', 'https://solili.s3.amazonaws.com/media/PI-26744_thumbnail_1591804378.jpg', 'https://solili.s3.amazonaws.com/media/PI-26744_thumbnail_1591804426.jpg', 'https://solili.s3.amazonaws.com/media/PI-26744_thumbnail_1591804308.jpg']","https://maps.googleapis.com/maps/api/staticmap?center=20.589963,-100.499914&zoom=15&scale=false&size=600x400&maptype=roadmap&format=png&style=feature:all|element:all|visibility:simplified&visual_refresh=true&markers=icon:https://s3-us-west-2.amazonaws.com/solili/static/assets/img/maps/point-marker-black_20x20.png|20.589963,-100.499914&key=AIzaSyC8dEOt7Qx6gIEnnxWuImXd5ALEUTBp85w",,,"[{'id': 3701, 'name': 'Ventas Orient Business Park ', 'professional_photo': 'https://solili.s3.amazonaws.com/static/upgrade/src/img/utils/default_photo.png', 'company': 'Orient Business Park', 'phone': '(+52) 442 290 84 05', 'confirmed': True, 'directory_url': '/perfil/ventas-orient-business-park-orient-business-park/'}]",Inmediato,2022-06-17,,,True,True,True,False,26744,20.589963,-100.499914,Módulo I,"Apaseo el Grande S/N, Apaseo el Grande, Guanajuato",Orient Business Park,['https://d1qt0l5rwmztsk.cloudfront.net/media/PI-26744_thumbnail_1591804378.jpg'],Guanajuato,En construcción,False,True,1,modulo-i-guanajuato-gto,True,Ventas Orient Business Park ,[]
28,3227,,,6270.95544277126,True,True,,,,,['https://solili.s3.amazonaws.com/media/PI-24309_1650490198.jpg'],['https://d1qt0l5rwmztsk.cloudfront.net/media/PI-24309_thumbnail_1650490198.jpg'],"https://maps.googleapis.com/maps/api/staticmap?center=21.019492,-101.489114&zoom=15&scale=false&size=600x400&maptype=roadmap&format=png&style=feature:all|element:all|visibility:simplified&visual_refresh=true&markers=icon:https://s3-us-west-2.amazonaws.com/solili/static/assets/img/maps/point-marker-black_20x20.png|21.019492,-101.489114&key=AIzaSyC8dEOt7Qx6gIEnnxWuImXd5ALEUTBp85w",,,"[{'id': 12487, 'name': 'Mayela Martinez', 'professional_photo': 'https://solili.s3.amazonaws.com/static/upgrade/src/img/utils/default_photo.png', 'company': 'Lintel Parks', 'phone': '(+52) 477 3929509', 'confirmed': False, 'directory_url': '/perfil/mayola-martinez-lintel-parks/'}]",Inmediato,2022-06-17,,,True,False,True,False,24309,21.019492,-101.489114,Ethos,"Puerto Interior S/N, Silao de la Victoria, Guanajuato",Santa Fe Puerto Interior,['https://d1qt0l5rwmztsk.cloudfront.net/media/PI-24309_thumbnail_1650490198.jpg'],Guanajuato,Existente,True,True,1,ethos-guanajuato-gto,True,Mayela Martinez,[]
29,2950,,2009.09,4383.0,True,True,110.0,MXN,15970.8,MXN,"['https://solili.s3.amazonaws.com/media/PI-29164_1634065912.jpg', 'https://solili.s3.amazonaws.com/media/PI-29164_1639512946.jpg']","['https://d1qt0l5rwmztsk.cloudfront.net/media/PI-29164_thumbnail_1634065912.jpg', 'https://solili.s3.amazonaws.com/media/PI-29164_thumbnail_1639512946.jpg']","https://maps.googleapis.com/maps/api/staticmap?center=19.46348914276514,-99.23585769823221&zoom=15&scale=false&size=600x400&maptype=roadmap&format=png&style=feature:all|element:all|visibility:simplified&visual_refresh=true&markers=icon:https://s3-us-west-2.amazonaws.com/solili/static/assets/img/maps/point-marker-black_20x20.png|19.46348914276514,-99.23585769823221&key=AIzaSyC8dEOt7Qx6gIEnnxWuImXd5ALEUTBp85w",,"Precio de venta: 70,000,000.00 mxn/mes
Nave 1: 2,680.08 m2 Oficinas: 1,328 m2
Nave 2: 1,702.09 m2 Oficinas: 307","[{'id': 1576, 'name': 'Federico Noreña ', 'professional_photo': 'https://solili.s3.amazonaws.com/static/upgrade/src/img/utils/default_photo.png', 'company': 'Colliers', 'phone': '(+52) 55 5209 3693', 'confirmed': True, 'directory_url': '/perfil/federico-norena-colliers/'}, {'id': 3405, 'name': 'Carlos Garcés ', 'professional_photo': 'https://solili.s3.amazonaws.com/static/upgrade/src/img/utils/default_photo.png', 'company': 'Colliers', 'phone': '(+52) 55 5209 3636', 'confirmed': True, 'directory_url': '/perfil/carlos-garces-colliers/'}]",Inmediato,2022-07-18,,,True,True,True,False,29164,19.46348914276514,-99.2358576982322,Bodega los Remedios,"Los remedios 37, Naucalpan, Estado de México",Fuera de Parque,['https://d1qt0l5rwmztsk.cloudfront.net/media/PI-29164_thumbnail_1634065912.jpg'],Área Metropolitana de Ciudad de México,Existente,True,True,1,los-remedios-37-ciudad-de-mexico-cdmx,True,Federico Noreña ,[]
30,1972,,,1498.0,False,True,,,1001.34,USD,['https://solili.s3.amazonaws.com/media/PI-26750_1592317880.jpg'],['https://d1qt0l5rwmztsk.cloudfront.net/media/PI-26750_thumbnail_1592317880.jpg'],"https://maps.googleapis.com/maps/api/staticmap?center=19.656791,-99.190502&zoom=15&scale=false&size=600x400&maptype=roadmap&format=png&style=feature:all|element:all|visibility:simplified&visual_refresh=true&markers=icon:https://s3-us-west-2.amazonaws.com/solili/static/assets/img/maps/point-marker-black_20x20.png|19.656791,-99.190502&key=AIzaSyC8dEOt7Qx6gIEnnxWuImXd5ALEUTBp85w",,"Precio de VENTA:  USD  $1,500,000.00 
A 5 minutos de Periférico y a 12 minutos de la caseta salida a Querétaro.","[{'id': 3562, 'name': 'Patricia España', 'professional_photo': 'https://solili.s3.amazonaws.com/media/corporate_picture_3562_20200610122320.jpg', 'company': 'NAI Mexico', 'phone': '(+52) 55 5511000740 Ext. 118', 'confirmed': True, 'directory_url': '/perfil/patricia-espana-nai-mexico/'}, {'id': 3565, 'name': 'Ricardo Carrillo', 'professional_photo': 'https://solili.s3.amazonaws.com/media/corporate_picture_3565_20210325192043.jpg', 'company': 'NAI Mexico', 'phone': '(+52) 55 55 11000740 Ext. 111', 'confirmed': True, 'directory_url': '/perfil/ricardo-carillo-nai/'}]",Inmediato,2022-07-20,,,True,True,True,False,26750,19.656791,-99.190502,Bodega Luis Pastuer,"Luis Pasteur 7, Cuautitlán Izcalli, Estado de México",Industrial Cuamatla,['https://d1qt0l5rwmztsk.cloudfront.net/media/PI-26750_thumbnail_1592317880.jpg'],Área Metropolitana de Ciudad de México,Existente,False,True,1,bodega-luis-pastuer-ciudad-de-mexico-cdmx,True,Patricia España,[]
31,2030,Terreno I,,10212.6,True,True,2.7,USD,150.0,USD,['https://solili.s3.amazonaws.com/media/PI-27718_1610398074.jpg'],"['https://d1qt0l5rwmztsk.cloudfront.net/media/PI-27718_thumbnail_1610398074.jpg', 'https://solili.s3.amazonaws.com/media/PI-27718_thumbnail_1610398074.jpg']","https://maps.googleapis.com/maps/api/staticmap?center=19.512104,-99.103577&zoom=15&scale=false&size=600x400&maptype=roadmap&format=png&style=feature:all|element:all|visibility:simplified&visual_refresh=true&markers=icon:https://s3-us-west-2.amazonaws.com/solili/static/assets/img/maps/point-marker-black_20x20.png|19.512104,-99.103577&key=AIzaSyC8dEOt7Qx6gIEnnxWuImXd5ALEUTBp85w",,"$2.70 USD/m2 Renta
$150.00 USD/m2 Venta","[{'id': 87, 'name': 'Charles El Mann ', 'professional_photo': 'https://solili.s3.amazonaws.com/media/corporate_picture_1557725151.273688.jpg', 'company': 'Parks', 'phone': '(+52) 55 11052222', 'confirmed': True, 'directory_url': '/perfil/charles-el-mann-parks-4520/'}, {'id': 174, 'name': 'Héctor Montelongo Gómez ', 'professional_photo': 'https://solili.s3.amazonaws.com/media/Hector_Parks1489017351.430656.jpg', 'company': 'Parks', 'phone': '(+52) 55 30434141', 'confirmed': True, 'directory_url': '/perfil/hector-montelongo-gomez-parks/'}]",Inmediato,2022-07-19,,,True,True,True,False,27718,19.512104,-99.103577,Terreno I,"Narciso Mendoza 22, Tlalnepantla de Baz, Estado de México",Ixhuatepecpark,['https://d1qt0l5rwmztsk.cloudfront.net/media/PI-27718_thumbnail_1610398074.jpg'],Área Metropolitana de Ciudad de México,Planeado,True,True,1,ixhuatepec-terreno-ciudad-de-mexico-cdmx,True,Charles El Mann ,[]
32,3154,,,2413.0,False,True,,,6500.21,MXN,['https://solili.s3.amazonaws.com/media/PI-30222_1646416198.jpg'],['https://d1qt0l5rwmztsk.cloudfront.net/media/PI-30222_thumbnail_1646416198.jpg'],"https://maps.googleapis.com/maps/api/staticmap?center=19.513333,-99.096427&zoom=15&scale=false&size=600x400&maptype=roadmap&format=png&style=feature:all|element:all|visibility:simplified&visual_refresh=true&markers=icon:https://s3-us-west-2.amazonaws.com/solili/static/assets/img/maps/point-marker-black_20x20.png|19.513333,-99.096427&key=AIzaSyC8dEOt7Qx6gIEnnxWuImXd5ALEUTBp85w",,"Precio de venta $15,685,000.00 mxn","[{'id': 4177, 'name': 'Monica Sánchez', 'professional_photo': 'https://solili.s3.amazonaws.com/static/upgrade/src/img/utils/default_photo.png', 'company': 'RE/MAX Premium', 'phone': '(+52) 55 5517076286', 'confirmed': True, 'directory_url': '/perfil/monica-sanchez-remax-premium/'}]",Inmediato,2022-07-19,,,True,True,True,False,30222,19.513333,-99.096427,Bodega Lago Texcoco,"Lago Texcoco 47, Gustavo A. Madero, Ciudad de México",Fuera de Parque,['https://d1qt0l5rwmztsk.cloudfront.net/media/PI-30222_thumbnail_1646416198.jpg'],Área Metropolitana de Ciudad de México,Existente,False,True,1,bodega-lago-texcoco-ciudad-de-mexico-cdmx,True,Monica Sánchez,[]
33,2226,,,3999.9405420521,False,True,,,1116.16,,"['https://solili.s3.amazonaws.com/media/PI-28659_1616431908.jpg', 'https://solili.s3.amazonaws.com/media/PI-28659_1608066429.jpg', 'https://solili.s3.amazonaws.com/media/PI-28659_1598655509.jpg']","['https://d1qt0l5rwmztsk.cloudfront.net/media/PI-28659_thumbnail_1616431908.jpg', 'https://solili.s3.amazonaws.com/media/PI-28659_thumbnail_1616431908.jpg', 'https://solili.s3.amazonaws.com/media/PI-28659_thumbnail_1608066429.jpg', 'https://solili.s3.amazonaws.com/media/PI-28659_thumbnail_1598655509.jpg']","https://maps.googleapis.com/maps/api/staticmap?center=25.704153,-100.492072&zoom=15&scale=false&size=600x400&maptype=roadmap&format=png&style=feature:all|element:all|visibility:simplified&visual_refresh=true&markers=icon:https://s3-us-west-2.amazonaws.com/solili/static/assets/img/maps/point-marker-black_20x20.png|25.704153,-100.492072&key=AIzaSyC8dEOt7Qx6gIEnnxWuImXd5ALEUTBp85w",,,"[{'id': 4257, 'name': 'Roberto Odriozola ', 'professional_photo': 'https://solili.s3.amazonaws.com/static/upgrade/src/img/utils/default_photo.png', 'company': 'Defiar Apoyo Inmobiliario', 'phone': '(+52)  8183963245', 'confirmed': True, 'directory_url': '/perfil/roberto-odriozola-defiar-apoyo-inmobiliario/'}]",Inmediato,2022-06-16,,,True,True,True,False,28659,25.704153,-100.492072,Building 1,"Industria del Plastico , Santa Catarina, Nuevo León",Martel II,['https://d1qt0l5rwmztsk.cloudfront.net/media/PI-28659_thumbnail_1616431908.jpg'],Monterrey,Existente,False,True,1,building-1-monterrey-mty,True,Roberto Odriozola ,[]
34,1815,,,3359.00244427908,False,True,,,911.88,MXN,"['https://solili.s3.amazonaws.com/media/PI-16707_1565112519.jpg', 'https://solili.s3.amazonaws.com/media/PI-16707_1565112604.jpg', 'https://solili.s3.amazonaws.com/media/PI-16707_1565112558.jpg', 'https://solili.s3.amazonaws.com/media/PI-16707_1537292781.jpg']","['https://d1qt0l5rwmztsk.cloudfront.net/media/PI-16707_thumbnail_1565112519.jpg', 'https://solili.s3.amazonaws.com/media/PI-16707_thumbnail_1565112519.jpg', 'https://solili.s3.amazonaws.com/media/PI-16707_thumbnail_1565112604.jpg', 'https://solili.s3.amazonaws.com/media/PI-16707_thumbnail_1565112558.jpg', 'https://solili.s3.amazonaws.com/media/PI-16707_thumbnail_1537292781.jpg']","https://maps.googleapis.com/maps/api/staticmap?center=25.697579,-100.554428&zoom=15&scale=false&size=600x400&maptype=roadmap&format=png&style=feature:all|element:all|visibility:simplified&visual_refresh=true&markers=icon:https://s3-us-west-2.amazonaws.com/solili/static/assets/img/maps/point-marker-black_20x20.png|25.697579,-100.554428&key=AIzaSyC8dEOt7Qx6gIEnnxWuImXd5ALEUTBp85w",,,"[{'id': 1805, 'name': 'Marcelo Hinojosa ', 'professional_photo': 'https://solili.s3.amazonaws.com/static/upgrade/src/img/utils/default_photo.png', 'company': 'Inmobiliara HH', 'phone': '(+52) 81 1324 0636', 'confirmed': True, 'directory_url': '/perfil/marcelo-hinojosa-inmobiliara-hh/'}]",Inmediato,2022-06-16,,,True,True,True,False,16707,25.697579,-100.554428,Nave 1,"Monterrey-Saltillo SN, Santa Catarina, Nuevo León",Parque Milimex Santa Catarina,['https://d1qt0l5rwmztsk.cloudfront.net/media/PI-16707_thumbnail_1565112519.jpg'],Monterrey,Existente,False,True,1,nave-1-monterrey-mty,True,Marcelo Hinojosa ,[]
35,2471,,,4999.94890332602,True,True,79.9758513,MXN,1021.94,MXN,['https://solili.s3.amazonaws.com/media/PI-5894_1623996811.jpg'],['https://d1qt0l5rwmztsk.cloudfront.net/media/PI-5894_thumbnail_1623996811.jpg'],"https://maps.googleapis.com/maps/api/staticmap?center=25.92079935,-100.2291514&zoom=15&scale=false&size=600x400&maptype=roadmap&format=png&style=feature:all|element:all|visibility:simplified&visual_refresh=true&markers=icon:https://s3-us-west-2.amazonaws.com/solili/static/assets/img/maps/point-marker-black_20x20.png|25.92079935,-100.2291514&key=AIzaSyC8dEOt7Qx6gIEnnxWuImXd5ALEUTBp85w",,"Precio de Venta: $110,000,000 MXN","[{'id': 5252, 'name': 'Jose Leal ', 'professional_photo': 'https://solili.s3.amazonaws.com/static/upgrade/src/img/utils/default_photo.png', 'company': 'ADN Realtors', 'phone': '(+52) 81 80202707', 'confirmed': True, 'directory_url': '/perfil/jose-leal-adn-realtors/'}]",Inmediato,2022-06-20,,,True,False,True,False,5894,25.92079935,-100.2291514,Nave B,"Autopista Monterrey - Nuevo Laredo km 32 1060, Ciénega de Flores, Nuevo León",HASAC,['https://d1qt0l5rwmztsk.cloudfront.net/media/PI-5894_thumbnail_1623996811.jpg'],Monterrey,Existente,True,True,1,nave-b-monterrey-mty,False,Jose Leal ,[]
36,1808,,,10825.5,False,True,,USD,,,"['https://solili.s3.amazonaws.com/static/img/FotoDefault-Oficinas-Construccion.jpg', 'https://solili.s3.amazonaws.com/media/PI-26656_1591975173.jpg']","['https://solili.s3.amazonaws.com/static/img/FotoDefault-Industrial-Construccion-thumbnail.jpg', 'https://solili.s3.amazonaws.com/media/PI-26656_thumbnail_1591975173.jpg']","https://maps.googleapis.com/maps/api/staticmap?center=19.118767,-98.265282&zoom=15&scale=false&size=600x400&maptype=roadmap&format=png&style=feature:all|element:all|visibility:simplified&visual_refresh=true&markers=icon:https://s3-us-west-2.amazonaws.com/solili/static/assets/img/maps/point-marker-black_20x20.png|19.118767,-98.265282&key=AIzaSyC8dEOt7Qx6gIEnnxWuImXd5ALEUTBp85w",,"Sale Price: Contact NAI Mexico for Details
Propiedad en venta","[{'id': 3562, 'name': 'Patricia España', 'professional_photo': 'https://solili.s3.amazonaws.com/media/corporate_picture_3562_20200610122320.jpg', 'company': 'NAI Mexico', 'phone': '(+52) 55 5511000740 Ext. 118', 'confirmed': True, 'directory_url': '/perfil/patricia-espana-nai-mexico/'}, {'id': 3565, 'name': 'Ricardo Carrillo', 'professional_photo': 'https://solili.s3.amazonaws.com/media/corporate_picture_3565_20210325192043.jpg', 'company': 'NAI Mexico', 'phone': '(+52) 55 55 11000740 Ext. 111', 'confirmed': True, 'directory_url': '/perfil/ricardo-carillo-nai/'}]",Inmediato,2022-07-20,,USD,True,True,True,False,26656,19.118767,-98.265282,San Francisco Ocotlán,"Tlaxcala S/N, Cuautlancingo, Puebla",Sanctorum,['https://solili.s3.amazonaws.com/static/img/FotoDefault-Industrial-Construccion-thumbnail.jpg'],Puebla,En construcción,False,True,1,san-francisco-ocotlan-puebla-pue,True,Patricia España,[]
37,672,Terrenos,8474.91,667454.68,False,True,,USD,100.0,USD,"['https://solili.s3.amazonaws.com/media/SI-672_1631202374.jpg', 'https://solili.s3.amazonaws.com/media/SI-672_1631141412.jpg', 'https://solili.s3.amazonaws.com/media/SI-672_1631141257.jpg']","['https://solili.s3.amazonaws.com/media/SI-672_thumbnail_1631202374.jpg', 'https://solili.s3.amazonaws.com/media/SI-672_thumbnail_1631141412.jpg', 'https://solili.s3.amazonaws.com/media/SI-672_thumbnail_1631141257.jpg']","https://maps.googleapis.com/maps/api/staticmap?center=20.567089791185506,-100.29397606139071&zoom=15&scale=false&size=600x400&maptype=roadmap&format=png&style=feature:all|element:all|visibility:simplified&visual_refresh=true&markers=icon:https://s3-us-west-2.amazonaws.com/solili/static/assets/img/maps/point-marker-black_20x20.png|20.567089791185506,-100.29397606139071&key=AIzaSyC8dEOt7Qx6gIEnnxWuImXd5ALEUTBp85w",,Terrenos disponibles dentro del Parque Industrial Queretaro Park VI El Marques. Los terrenos en venta van desde una hectárea hasta las 60.,"[{'id': 87, 'name': 'Charles El Mann ', 'professional_photo': 'https://solili.s3.amazonaws.com/media/corporate_picture_1557725151.273688.jpg', 'company': 'Parks', 'phone': '(+52) 55 11052222', 'confirmed': True, 'directory_url': '/perfil/charles-el-mann-parks-4520/'}, {'id': 174, 'name': 'Héctor Montelongo Gómez ', 'professional_photo': 'https://solili.s3.amazonaws.com/media/Hector_Parks1489017351.430656.jpg', 'company': 'Parks', 'phone': '(+52) 55 30434141', 'confirmed': True, 'directory_url': '/perfil/hector-montelongo-gomez-parks/'}]",Inmediato,2022-06-27,,,True,True,True,False,9927,20.567089791185506,-100.29397606139072,Terrenos Querétaro Park VI El Marqués,"Carr. Querétaro - S.L.P Km. 28.5, El Marqués, Querétaro",Querétaro Park VI El Marqués,['https://d1qt0l5rwmztsk.cloudfront.net/media/PI-9927_thumbnail_1631203556.jpg'],Queretaro,Planeado,False,True,1,terrenos-queretaro-park-vi-el-marques-queretaro-que,True,Charles El Mann ,[]
38,3219,,,4039.98,False,True,,,740.1,USD,['https://solili.s3.amazonaws.com/media/PI-31445_1649890903.jpg'],['https://d1qt0l5rwmztsk.cloudfront.net/media/PI-31445_thumbnail_1649890903.jpg'],"https://maps.googleapis.com/maps/api/staticmap?center=20.81417,-100.429493&zoom=15&scale=false&size=600x400&maptype=roadmap&format=png&style=feature:all|element:all|visibility:simplified&visual_refresh=true&markers=icon:https://s3-us-west-2.amazonaws.com/solili/static/assets/img/maps/point-marker-black_20x20.png|20.81417,-100.429493&key=AIzaSyC8dEOt7Qx6gIEnnxWuImXd5ALEUTBp85w",,"Precio de venta: $2,990,000.00 USD","[{'id': 1599, 'name': 'Mariana Díaz ', 'professional_photo': 'https://solili.s3.amazonaws.com/static/upgrade/src/img/utils/default_photo.png', 'company': 'Colliers', 'phone': '(+52) 55 5209 3622', 'confirmed': True, 'directory_url': '/perfil/mariana-diaz-colliers/'}, {'id': 1603, 'name': 'Rafael McCadden ', 'professional_photo': 'https://solili.s3.amazonaws.com/static/upgrade/src/img/utils/default_photo.png', 'company': 'Colliers', 'phone': '(+52) 55 5209 3625', 'confirmed': True, 'directory_url': '/perfil/rafael-mccadden-colliers/'}]",Inmediato,2022-06-17,,,True,True,True,False,31445,20.81417,-100.429493,Nave La Noria,"Cda. La Noria 108, Santiago de Querétaro, Querétaro",Parque Industrial Querétaro,['https://d1qt0l5rwmztsk.cloudfront.net/media/PI-31445_thumbnail_1649890903.jpg'],Queretaro,Existente,False,True,1,cerrada-la-noria-queretaro-que,True,Mariana Díaz ,[]
39,3076,,,5016.0,True,True,4.8,USD,468.0,USD,"['https://solili.s3.amazonaws.com/media/PI-29314_1654713275.jpg', 'https://solili.s3.amazonaws.com/media/PI-29314_1643234398.jpg', 'https://solili.s3.amazonaws.com/media/PI-29314_1643234370.jpg']","['https://d1qt0l5rwmztsk.cloudfront.net/media/PI-29314_thumbnail_1654713275.jpg', 'https://solili.s3.amazonaws.com/media/PI-29314_thumbnail_1643234398.jpg', 'https://solili.s3.amazonaws.com/media/PI-29314_thumbnail_1643234370.jpg']","https://maps.googleapis.com/maps/api/staticmap?center=22.045257,-100.890542&zoom=15&scale=false&size=600x400&maptype=roadmap&format=png&style=feature:all|element:all|visibility:simplified&visual_refresh=true&markers=icon:https://s3-us-west-2.amazonaws.com/solili/static/assets/img/maps/point-marker-black_20x20.png|22.045257,-100.890542&key=AIzaSyC8dEOt7Qx6gIEnnxWuImXd5ALEUTBp85w",,"RENTA: USD $4.80/m2 construcción/mes.
VENTA: USD $468/m2 construcción+TERRENO: USD60/m2.","[{'id': 3698, 'name': 'Claudia Díaz de León ', 'professional_photo': 'https://solili.s3.amazonaws.com/static/upgrade/src/img/utils/default_photo.png', 'company': 'Argo Grupo Industrial', 'phone': '(+52) 444 804 4100 Ext. 105', 'confirmed': True, 'directory_url': '/perfil/claudia-diaz-de-leon-argo-grupo-industrial/'}]",Inmediato,2022-06-27,,,True,True,True,False,29314,22.045257,-100.890542,Inventario 5000-22,"Av. Del siglo L-5, M-N, San Luis Potosí, San Luis Potosí",Millenium,['https://d1qt0l5rwmztsk.cloudfront.net/media/PI-29314_thumbnail_1654713275.jpg'],San Luis Potosi,Existente,True,True,1,inventario-5000-22-san-luis-potosi-slp,True,Claudia Díaz de León ,[]
40,2351,,,9487.90913339112,False,True,,,30.74,USD,['https://solili.s3.amazonaws.com/media/PI-23150_1602625552.jpg'],['https://d1qt0l5rwmztsk.cloudfront.net/media/PI-23150_thumbnail_1602625552.jpg'],"https://maps.googleapis.com/maps/api/staticmap?center=25.8395928973,-97.4452891919&zoom=15&scale=false&size=600x400&maptype=roadmap&format=png&style=feature:all|element:all|visibility:simplified&visual_refresh=true&markers=icon:https://s3-us-west-2.amazonaws.com/solili/static/assets/img/maps/point-marker-black_20x20.png|25.8395928973,-97.4452891919&key=AIzaSyC8dEOt7Qx6gIEnnxWuImXd5ALEUTBp85w",,"Precio de venta: $3,140,000.00 USD","[{'id': 1570, 'name': 'Baltazar Cantú ', 'professional_photo': 'https://solili.s3.amazonaws.com/static/upgrade/src/img/utils/default_photo.png', 'company': 'Colliers', 'phone': '(+52) 81 4160 1226', 'confirmed': True, 'directory_url': '/perfil/baltazar-cantu-colliers/'}, {'id': 1603, 'name': 'Rafael McCadden ', 'professional_photo': 'https://solili.s3.amazonaws.com/static/upgrade/src/img/utils/default_photo.png', 'company': 'Colliers', 'phone': '(+52) 55 5209 3625', 'confirmed': True, 'directory_url': '/perfil/rafael-mccadden-colliers/'}]",Inmediato,2022-04-06,,,True,False,False,False,23150,25.8395928973,-97.4452891919,Bodega Planta 4,"Norte 7 , Matamoros, Tamaulipas",Ciudad Industrial,['https://d1qt0l5rwmztsk.cloudfront.net/media/PI-23150_thumbnail_1602625552.jpg'],Matamoros,Existente,False,True,1,bodega-planta-4-matamoros-mat,False,Baltazar Cantú ,[]
41,2353,,,6414.95516034601,False,True,,,32.58,USD,['https://solili.s3.amazonaws.com/media/PI-23148_1602626442.jpg'],['https://d1qt0l5rwmztsk.cloudfront.net/media/PI-23148_thumbnail_1602626442.jpg'],"https://maps.googleapis.com/maps/api/staticmap?center=25.8400143865,-97.4433225624&zoom=15&scale=false&size=600x400&maptype=roadmap&format=png&style=feature:all|element:all|visibility:simplified&visual_refresh=true&markers=icon:https://s3-us-west-2.amazonaws.com/solili/static/assets/img/maps/point-marker-black_20x20.png|25.8400143865,-97.4433225624&key=AIzaSyC8dEOt7Qx6gIEnnxWuImXd5ALEUTBp85w",,"Precio de venta: $2,250,000.00 USD","[{'id': 1570, 'name': 'Baltazar Cantú ', 'professional_photo': 'https://solili.s3.amazonaws.com/static/upgrade/src/img/utils/default_photo.png', 'company': 'Colliers', 'phone': '(+52) 81 4160 1226', 'confirmed': True, 'directory_url': '/perfil/baltazar-cantu-colliers/'}, {'id': 1603, 'name': 'Rafael McCadden ', 'professional_photo': 'https://solili.s3.amazonaws.com/static/upgrade/src/img/utils/default_photo.png', 'company': 'Colliers', 'phone': '(+52) 55 5209 3625', 'confirmed': True, 'directory_url': '/perfil/rafael-mccadden-colliers/'}]",Inmediato,2022-04-06,,,True,False,False,False,23148,25.8400143865,-97.4433225624,Bodega Planta 1,"Norte 7 , Matamoros, Tamaulipas",Ciudad Industrial,['https://d1qt0l5rwmztsk.cloudfront.net/media/PI-23148_thumbnail_1602626442.jpg'],Matamoros,Existente,False,True,1,bodega-planta-1-matamoros-mat,False,Baltazar Cantú ,[]
42,1563,,,5000.0,False,True,,,,,"['https://solili.s3.amazonaws.com/media/PI-25636_1573831468.jpg', 'https://solili.s3.amazonaws.com/media/PI-25636_1573831592.jpg']","['https://d1qt0l5rwmztsk.cloudfront.net/media/PI-25636_thumbnail_1573831468.jpg', 'https://solili.s3.amazonaws.com/media/PI-25636_thumbnail_1573831592.jpg']","https://maps.googleapis.com/maps/api/staticmap?center=25.94242,-97.775539&zoom=15&scale=false&size=600x400&maptype=roadmap&format=png&style=feature:all|element:all|visibility:simplified&visual_refresh=true&markers=icon:https://s3-us-west-2.amazonaws.com/solili/static/assets/img/maps/point-marker-black_20x20.png|25.94242,-97.775539&key=AIzaSyC8dEOt7Qx6gIEnnxWuImXd5ALEUTBp85w",,En venta,"[{'id': 3451, 'name': 'José Luis González ', 'professional_photo': 'https://solili.s3.amazonaws.com/static/upgrade/src/img/utils/default_photo.png', 'company': 'Colliers', 'phone': '(+52) 81 4160 1239', 'confirmed': True, 'directory_url': '/perfil/jose-luis-gonzalez-colliers/'}]",Inmediato,2019-11-15,,,True,False,False,False,25636,25.94242,-97.775539,Mervis Industries de México,"Libertadores S/N Carr. Matamoros-Monterrey K.M 34.5, Matamoros, Tamaulipas",Fuera de Parque,['https://d1qt0l5rwmztsk.cloudfront.net/media/PI-25636_thumbnail_1573831468.jpg'],,Existente,False,True,1,mervis-industries-de-mexico,True,José Luis González ,[]
43,2388,,,5000.04180636962,False,True,,,501.67,MXN,['https://solili.s3.amazonaws.com/media/PI-23897_1605722255.jpg'],"['https://d1qt0l5rwmztsk.cloudfront.net/media/PI-23897_thumbnail_1605722255.jpg', 'https://solili.s3.amazonaws.com/media/PI-23897_thumbnail_1605722255.jpg']","https://maps.googleapis.com/maps/api/staticmap?center=26.043255535,-98.3107711742&zoom=15&scale=false&size=600x400&maptype=roadmap&format=png&style=feature:all|element:all|visibility:simplified&visual_refresh=true&markers=icon:https://s3-us-west-2.amazonaws.com/solili/static/assets/img/maps/point-marker-black_20x20.png|26.043255535,-98.3107711742&key=AIzaSyC8dEOt7Qx6gIEnnxWuImXd5ALEUTBp85w",,"Precio de venta: $27,000,000.00 MXN","[{'id': 4977, 'name': 'Roberto Robledo ', 'professional_photo': 'https://solili.s3.amazonaws.com/static/upgrade/src/img/utils/default_photo.png', 'company': 'Copamex', 'phone': '(+52) 81 1516 1059', 'confirmed': True, 'directory_url': '/perfil/roberto-robledo-copamex/'}]",Inmediato,2022-07-19,,,True,True,True,False,23897,26.043255535,-98.3107711742,Bodega II,"San Rafael , Reynosa, Tamaulipas",Zona Industrial Moll,['https://d1qt0l5rwmztsk.cloudfront.net/media/PI-23897_thumbnail_1605722255.jpg'],Reynosa,Existente,False,True,1,bodega-ii-reynosa-rey,True,Roberto Robledo ,[]
44,2597,,,164950.58,False,True,,,1030.61171412674,MXN,"['https://solili.s3.amazonaws.com/media/SR-2597_1612498632.jpg', 'https://solili.s3.amazonaws.com/media/SR-2597_1612498631.jpg', 'https://solili.s3.amazonaws.com/media/SR-2597_1612498630.jpg', 'https://solili.s3.amazonaws.com/media/SR-2597_1612498629.jpg']","['https://solili.s3.amazonaws.com/media/SR-2597_thumbnail_1612498632.jpg', 'https://solili.s3.amazonaws.com/media/SR-2597_thumbnail_1612498631.jpg', 'https://solili.s3.amazonaws.com/media/SR-2597_thumbnail_1612498630.jpg', 'https://solili.s3.amazonaws.com/media/SR-2597_thumbnail_1612498629.jpg']","https://maps.googleapis.com/maps/api/staticmap?center=19.30800208054636,-98.39704721498894&zoom=15&scale=false&size=600x400&maptype=roadmap&format=png&style=feature:all|element:all|visibility:simplified&visual_refresh=true&markers=icon:https://s3-us-west-2.amazonaws.com/solili/static/assets/img/maps/point-marker-black_20x20.png|19.30800208054636,-98.39704721498894&key=AIzaSyC8dEOt7Qx6gIEnnxWuImXd5ALEUTBp85w","Planta Industrial Texmelucan

- Uso de suelo Industrial
- Tiene 2,000 m2 de oficinas con techo y muros de concreto
Caseta de acceso y vigilancia.
- Un área de enfermería y duchas.
- 340 m2 de cocina y comedor.
- 1,670 m2 de talleres.
- 3 zonas de embarque con 9 puertas totalmente equipadas para cargar y descargar camiones.
- Un total de 27 m2 de nave principal de almacenaje totalmente aprovechables y divisibles con muros de concreto.
- Pisos de loseta de granito.
- Columnas de concreto y acceso con cimentación a base de zapatas aisladas, de concreto armado.
- Única con dos pozos de agua y sumisito propio de energía eléctrica.
- Estacionamiento publico.
- Área de subestación eléctrica.
- Acceso vehicular a la factoría.
- Almacén de materias primas.
- Almacén de refacciones.
- Aulas de capacitación. 
- Naves del proceso de producción.
- Almacén de producto terminado.
- Áreas verdes.
- Patios de maniobras. 

 


Superficie Total del inmueble: 164,950.58 m2

A) Área Rentable 35,407 m2
B)Área aprovechable 33,216.80 m2
c) Superficie del predio baldío 96,326.78 m2

Referencias de ubicación : Cerca de autopista san Martin Tlaxcala y Arco Norte. 

Estatus legal en orden.
Libertad de gravamen
Uso de suelo Industrial y Habitacional","Planta Industrial Texmelucan
- Uso de suelo Industrial
- Tiene 2,000 m2 de oficinas con techo y muros de concreto
Caseta de acceso y vigilancia.
- Un área de enfermería y duchas.
- 340 m2 de cocina y comedor.
- 1,670 m2 de talleres.
- 3 zonas de embarque con 9 puertas totalmente equipadas para cargar y descargar camiones.
- Un total de 27 m2 de nave principal de almacenaje totalmente aprovechables y divisibles con muros de concreto.
- Pisos de loseta de granito.
- Columnas de concreto y acceso con cimentación a base de zapatas aisladas, de concreto armado.
- Única con dos pozos de agua y sumisito propio de energía eléctrica.
- Estacionamiento publico.
- Área de subestación eléctrica.
- Acceso vehicular a la factoría.
- Almacén de materias primas.
- Almacén de refacciones.
- Aulas de capacitación. 
- Naves del proceso de producción.
- Almacén de producto terminado.
- Áreas verdes.
- Patios de maniobras. 

 


Superficie Total del inmueble: 164,950.58 m2

A) Área Rentable 35,407 m2
B)Área aprovechable 33,216.80 m2
c) Superficie del predio baldío 96,326.78 m2

Referencias de ubicación : Cerca de autopista san Martin Tlaxcala y Arco Norte. 

Estatus legal en orden.
Libertad de gravamen
Uso de suelo Industrial y Habitacional","[{'id': 10781, 'name': 'Rubén Enríquez', 'professional_photo': 'https://solili.s3.amazonaws.com/static/upgrade/src/img/utils/default_photo.png', 'company': 'YUGEN Espacio Inmobiliario', 'phone': '(+52) 55 87931016', 'confirmed': True, 'directory_url': '/perfil/ruben-enriquez-yugen-espacio-inmobiliario/'}]",Inmediato,2022-07-18,0.0,MXN,False,False,True,False,28893,19.30800208054636,-98.39704721498894,Planta Texmelucan,"San Martin Texmelucan KM 5.5, Ixtacuixtla de Mariano Matamoros, Tlaxcala",Complejo Industrial Petroquimico,['https://d1qt0l5rwmztsk.cloudfront.net/media/PI-28893_thumbnail_1613590323.jpg'],Puebla,Existente,False,True,1,-puebla-pue,True,Rubén Enríquez,[]
